"StateFIPS","State","CountyFIPS","County","Year","Value","Data Comment",
"55","Wisconsin","55001","Adams","2000","44.0","",
"55","Wisconsin","55001","Adams","2001","51.7","",
"55","Wisconsin","55001","Adams","2002","70.8","",
"55","Wisconsin","55001","Adams","2003","48.5","",
"55","Wisconsin","55001","Adams","2004","42.0","",
"55","Wisconsin","55001","Adams","2005","38.6","",
"55","Wisconsin","55001","Adams","2006","26.6","",
"55","Wisconsin","55001","Adams","2007","26.5","",
"55","Wisconsin","55001","Adams","2008","24.2","",
"55","Wisconsin","55001","Adams","2009","29.0","",
"55","Wisconsin","55001","Adams","2010","30.3","",
"55","Wisconsin","55001","Adams","2011","29.7","",
"55","Wisconsin","55001","Adams","2012","24.9","",
"55","Wisconsin","55001","Adams","2013","19.2","",
"55","Wisconsin","55001","Adams","2014","20.1","",
"55","Wisconsin","55001","Adams","2015","29.3","",
"55","Wisconsin","55001","Adams","2016","29.4","",
"55","Wisconsin","55001","Adams","2017","29.1","",
"55","Wisconsin","55001","Adams","2018","27.8","",
"55","Wisconsin","55001","Adams","2019","51.4","",
"55","Wisconsin","55001","Adams","2020","40.2","",
"55","Wisconsin","55001","Adams","2021","49.0","",
"55","Wisconsin","55003","Ashland","2000","77.9","",
"55","Wisconsin","55003","Ashland","2001","67.6","",
"55","Wisconsin","55003","Ashland","2002","57.6","",
"55","Wisconsin","55003","Ashland","2003","77.4","",
"55","Wisconsin","55003","Ashland","2004","59.3","",
"55","Wisconsin","55003","Ashland","2005","49.2","",
"55","Wisconsin","55003","Ashland","2006","68.2","",
"55","Wisconsin","55003","Ashland","2007","59.3","",
"55","Wisconsin","55003","Ashland","2008","45.9","",
"55","Wisconsin","55003","Ashland","2009","69.3","",
"55","Wisconsin","55003","Ashland","2010","66.1","",
"55","Wisconsin","55003","Ashland","2011","57.1","",
"55","Wisconsin","55003","Ashland","2012","41.4","",
"55","Wisconsin","55003","Ashland","2013","54.6","",
"55","Wisconsin","55003","Ashland","2014","56.6","",
"55","Wisconsin","55003","Ashland","2015","68.9","",
"55","Wisconsin","55003","Ashland","2016","67.9","",
"55","Wisconsin","55003","Ashland","2017","63.5","",
"55","Wisconsin","55003","Ashland","2018","62.0","",
"55","Wisconsin","55003","Ashland","2019","54.0","",
"55","Wisconsin","55003","Ashland","2020","64.9","",
"55","Wisconsin","55003","Ashland","2021","44.6","",
"55","Wisconsin","55005","Barron","2000","75.3","",
"55","Wisconsin","55005","Barron","2001","62.2","",
"55","Wisconsin","55005","Barron","2002","66.6","",
"55","Wisconsin","55005","Barron","2003","60.3","",
"55","Wisconsin","55005","Barron","2004","55.8","",
"55","Wisconsin","55005","Barron","2005","53.7","",
"55","Wisconsin","55005","Barron","2006","41.9","",
"55","Wisconsin","55005","Barron","2007","46.4","",
"55","Wisconsin","55005","Barron","2008","41.3","",
"55","Wisconsin","55005","Barron","2009","39.8","",
"55","Wisconsin","55005","Barron","2010","42.0","",
"55","Wisconsin","55005","Barron","2011","41.5","",
"55","Wisconsin","55005","Barron","2012","33.7","",
"55","Wisconsin","55005","Barron","2013","43.3","",
"55","Wisconsin","55005","Barron","2014","39.7","",
"55","Wisconsin","55005","Barron","2015","38.6","",
"55","Wisconsin","55005","Barron","2016","43.1","",
"55","Wisconsin","55005","Barron","2017","58.7","",
"55","Wisconsin","55005","Barron","2018","36.2","",
"55","Wisconsin","55005","Barron","2019","44.4","",
"55","Wisconsin","55005","Barron","2020","33.0","",
"55","Wisconsin","55005","Barron","2021","44.7","",
"55","Wisconsin","55007","Bayfield","2000","50.4","",
"55","Wisconsin","55007","Bayfield","2001","48.4","",
"55","Wisconsin","55007","Bayfield","2002","42.1","",
"55","Wisconsin","55007","Bayfield","2003","41.5","",
"55","Wisconsin","55007","Bayfield","2004","38.8","",
"55","Wisconsin","55007","Bayfield","2005","49.4","",
"55","Wisconsin","55007","Bayfield","2006","28.9","",
"55","Wisconsin","55007","Bayfield","2007","30.4","",
"55","Wisconsin","55007","Bayfield","2008","43.0","",
"55","Wisconsin","55007","Bayfield","2009","44.3","",
"55","Wisconsin","55007","Bayfield","2010","33.6","",
"55","Wisconsin","55007","Bayfield","2011","32.5","",
"55","Wisconsin","55007","Bayfield","2012","25.6","",
"55","Wisconsin","55007","Bayfield","2013","37.2","",
"55","Wisconsin","55007","Bayfield","2014","31.5","",
"55","Wisconsin","55007","Bayfield","2015","51.1","",
"55","Wisconsin","55007","Bayfield","2016","33.3","",
"55","Wisconsin","55007","Bayfield","2017","35.1","",
"55","Wisconsin","55007","Bayfield","2018","36.7","",
"55","Wisconsin","55007","Bayfield","2019","34.5","",
"55","Wisconsin","55007","Bayfield","2020","42.0","",
"55","Wisconsin","55007","Bayfield","2021","41.4","",
"55","Wisconsin","55009","Brown","2000","32.1","",
"55","Wisconsin","55009","Brown","2001","31.8","",
"55","Wisconsin","55009","Brown","2002","34.3","",
"55","Wisconsin","55009","Brown","2003","31.7","",
"55","Wisconsin","55009","Brown","2004","33.7","",
"55","Wisconsin","55009","Brown","2005","34.5","",
"55","Wisconsin","55009","Brown","2006","30.3","",
"55","Wisconsin","55009","Brown","2007","29.2","",
"55","Wisconsin","55009","Brown","2008","31.9","",
"55","Wisconsin","55009","Brown","2009","30.2","",
"55","Wisconsin","55009","Brown","2010","32.6","",
"55","Wisconsin","55009","Brown","2011","32.7","",
"55","Wisconsin","55009","Brown","2012","37.0","",
"55","Wisconsin","55009","Brown","2013","33.5","",
"55","Wisconsin","55009","Brown","2014","31.3","",
"55","Wisconsin","55009","Brown","2015","28.5","",
"55","Wisconsin","55009","Brown","2016","27.2","",
"55","Wisconsin","55009","Brown","2017","27.6","",
"55","Wisconsin","55009","Brown","2018","25.7","",
"55","Wisconsin","55009","Brown","2019","27.1","",
"55","Wisconsin","55009","Brown","2020","21.3","",
"55","Wisconsin","55009","Brown","2021","21.9","",
"55","Wisconsin","55011","Buffalo","2000","39.8","",
"55","Wisconsin","55011","Buffalo","2001","46.6","",
"55","Wisconsin","55011","Buffalo","2002","55.5","",
"55","Wisconsin","55011","Buffalo","2003","42.7","",
"55","Wisconsin","55011","Buffalo","2004","50.1","",
"55","Wisconsin","55011","Buffalo","2005","27.0","",
"55","Wisconsin","55011","Buffalo","2006","42.8","",
"55","Wisconsin","55011","Buffalo","2007","21.7","",
"55","Wisconsin","55011","Buffalo","2008","44.6","",
"55","Wisconsin","55011","Buffalo","2009","24.3","",
"55","Wisconsin","55011","Buffalo","2010","46.2","",
"55","Wisconsin","55011","Buffalo","2011","44.1","",
"55","Wisconsin","55011","Buffalo","2012","28.2","",
"55","Wisconsin","55011","Buffalo","2013","49.0","",
"55","Wisconsin","55011","Buffalo","2014","32.1","",
"55","Wisconsin","55011","Buffalo","2015","32.0","",
"55","Wisconsin","55011","Buffalo","2016","33.3","",
"55","Wisconsin","55011","Buffalo","2017","49.3","",
"55","Wisconsin","55011","Buffalo","2018","43.2","",
"55","Wisconsin","55011","Buffalo","2019","37.0","",
"55","Wisconsin","55011","Buffalo","2020","36.1","",
"55","Wisconsin","55011","Buffalo","2021","37.1","",
"55","Wisconsin","55013","Burnett","2000","55.8","",
"55","Wisconsin","55013","Burnett","2001","52.8","",
"55","Wisconsin","55013","Burnett","2002","45.4","",
"55","Wisconsin","55013","Burnett","2003","45.8","",
"55","Wisconsin","55013","Burnett","2004","46.5","",
"55","Wisconsin","55013","Burnett","2005","40.3","",
"55","Wisconsin","55013","Burnett","2006","31.6","",
"55","Wisconsin","55013","Burnett","2007","43.1","",
"55","Wisconsin","55013","Burnett","2008","36.7","",
"55","Wisconsin","55013","Burnett","2009","38.8","",
"55","Wisconsin","55013","Burnett","2010","39.0","",
"55","Wisconsin","55013","Burnett","2011","35.0","",
"55","Wisconsin","55013","Burnett","2012","28.2","",
"55","Wisconsin","55013","Burnett","2013","47.7","",
"55","Wisconsin","55013","Burnett","2014","40.7","",
"55","Wisconsin","55013","Burnett","2015","39.8","",
"55","Wisconsin","55013","Burnett","2016","43.3","",
"55","Wisconsin","55013","Burnett","2017","45.7","",
"55","Wisconsin","55013","Burnett","2018","40.0","",
"55","Wisconsin","55013","Burnett","2019","44.3","",
"55","Wisconsin","55013","Burnett","2020","49.4","",
"55","Wisconsin","55013","Burnett","2021","45.7","",
"55","Wisconsin","55015","Calumet","2000","28.1","",
"55","Wisconsin","55015","Calumet","2001","29.7","",
"55","Wisconsin","55015","Calumet","2002","29.5","",
"55","Wisconsin","55015","Calumet","2003","24.7","",
"55","Wisconsin","55015","Calumet","2004","15.1","",
"55","Wisconsin","55015","Calumet","2005","22.9","",
"55","Wisconsin","55015","Calumet","2006","27.5","",
"55","Wisconsin","55015","Calumet","2007","20.6","",
"55","Wisconsin","55015","Calumet","2008","14.8","",
"55","Wisconsin","55015","Calumet","2009","20.6","",
"55","Wisconsin","55015","Calumet","2010","19.8","",
"55","Wisconsin","55015","Calumet","2011","20.3","",
"55","Wisconsin","55015","Calumet","2012","16.0","",
"55","Wisconsin","55015","Calumet","2013","14.1","",
"55","Wisconsin","55015","Calumet","2014","18.3","",
"55","Wisconsin","55015","Calumet","2015","13.2","",
"55","Wisconsin","55015","Calumet","2016","14.5","",
"55","Wisconsin","55015","Calumet","2017","13.6","",
"55","Wisconsin","55015","Calumet","2018","12.8","",
"55","Wisconsin","55015","Calumet","2019","26.8","",
"55","Wisconsin","55015","Calumet","2020","23.2","",
"55","Wisconsin","55015","Calumet","2021","24.0","",
"55","Wisconsin","55017","Chippewa","2000","51.0","",
"55","Wisconsin","55017","Chippewa","2001","57.7","",
"55","Wisconsin","55017","Chippewa","2002","50.4","",
"55","Wisconsin","55017","Chippewa","2003","46.6","",
"55","Wisconsin","55017","Chippewa","2004","43.6","",
"55","Wisconsin","55017","Chippewa","2005","38.5","",
"55","Wisconsin","55017","Chippewa","2006","39.8","",
"55","Wisconsin","55017","Chippewa","2007","41.0","",
"55","Wisconsin","55017","Chippewa","2008","33.2","",
"55","Wisconsin","55017","Chippewa","2009","35.2","",
"55","Wisconsin","55017","Chippewa","2010","34.0","",
"55","Wisconsin","55017","Chippewa","2011","32.4","",
"55","Wisconsin","55017","Chippewa","2012","32.5","",
"55","Wisconsin","55017","Chippewa","2013","34.8","",
"55","Wisconsin","55017","Chippewa","2014","31.8","",
"55","Wisconsin","55017","Chippewa","2015","40.1","",
"55","Wisconsin","55017","Chippewa","2016","45.5","",
"55","Wisconsin","55017","Chippewa","2017","38.1","",
"55","Wisconsin","55017","Chippewa","2018","34.4","",
"55","Wisconsin","55017","Chippewa","2019","36.7","",
"55","Wisconsin","55017","Chippewa","2020","36.8","",
"55","Wisconsin","55017","Chippewa","2021","33.5","",
"55","Wisconsin","55019","Clark","2000","58.1","",
"55","Wisconsin","55019","Clark","2001","52.1","",
"55","Wisconsin","55019","Clark","2002","50.1","",
"55","Wisconsin","55019","Clark","2003","63.7","",
"55","Wisconsin","55019","Clark","2004","50.5","",
"55","Wisconsin","55019","Clark","2005","55.4","",
"55","Wisconsin","55019","Clark","2006","55.2","",
"55","Wisconsin","55019","Clark","2007","60.4","",
"55","Wisconsin","55019","Clark","2008","49.8","",
"55","Wisconsin","55019","Clark","2009","49.8","",
"55","Wisconsin","55019","Clark","2010","51.8","",
"55","Wisconsin","55019","Clark","2011","50.2","",
"55","Wisconsin","55019","Clark","2012","44.4","",
"55","Wisconsin","55019","Clark","2013","60.0","",
"55","Wisconsin","55019","Clark","2014","50.2","",
"55","Wisconsin","55019","Clark","2015","44.6","",
"55","Wisconsin","55019","Clark","2016","49.9","",
"55","Wisconsin","55019","Clark","2017","50.9","",
"55","Wisconsin","55019","Clark","2018","51.5","",
"55","Wisconsin","55019","Clark","2019","48.8","",
"55","Wisconsin","55019","Clark","2020","47.6","",
"55","Wisconsin","55019","Clark","2021","42.6","",
"55","Wisconsin","55021","Columbia","2000","40.0","",
"55","Wisconsin","55021","Columbia","2001","43.5","",
"55","Wisconsin","55021","Columbia","2002","40.4","",
"55","Wisconsin","55021","Columbia","2003","33.8","",
"55","Wisconsin","55021","Columbia","2004","37.4","",
"55","Wisconsin","55021","Columbia","2005","31.5","",
"55","Wisconsin","55021","Columbia","2006","37.3","",
"55","Wisconsin","55021","Columbia","2007","33.2","",
"55","Wisconsin","55021","Columbia","2008","29.7","",
"55","Wisconsin","55021","Columbia","2009","28.6","",
"55","Wisconsin","55021","Columbia","2010","28.2","",
"55","Wisconsin","55021","Columbia","2011","31.2","",
"55","Wisconsin","55021","Columbia","2012","33.6","",
"55","Wisconsin","55021","Columbia","2013","35.3","",
"55","Wisconsin","55021","Columbia","2014","32.4","",
"55","Wisconsin","55021","Columbia","2015","40.4","",
"55","Wisconsin","55021","Columbia","2016","41.7","",
"55","Wisconsin","55021","Columbia","2017","34.0","",
"55","Wisconsin","55021","Columbia","2018","33.2","",
"55","Wisconsin","55021","Columbia","2019","36.7","",
"55","Wisconsin","55021","Columbia","2020","25.4","",
"55","Wisconsin","55021","Columbia","2021","33.1","",
"55","Wisconsin","55023","Crawford","2000","32.5","",
"55","Wisconsin","55023","Crawford","2001","37.3","",
"55","Wisconsin","55023","Crawford","2002","37.9","",
"55","Wisconsin","55023","Crawford","2003","39.8","",
"55","Wisconsin","55023","Crawford","2004","31.1","",
"55","Wisconsin","55023","Crawford","2005","38.0","",
"55","Wisconsin","55023","Crawford","2006","41.6","",
"55","Wisconsin","55023","Crawford","2007","30.5","",
"55","Wisconsin","55023","Crawford","2008","37.4","",
"55","Wisconsin","55023","Crawford","2009","39.5","",
"55","Wisconsin","55023","Crawford","2010","41.7","",
"55","Wisconsin","55023","Crawford","2011","34.6","",
"55","Wisconsin","55023","Crawford","2012","26.9","",
"55","Wisconsin","55023","Crawford","2013","32.2","",
"55","Wisconsin","55023","Crawford","2014","30.2","",
"55","Wisconsin","55023","Crawford","2015","42.1","",
"55","Wisconsin","55023","Crawford","2016","36.1","",
"55","Wisconsin","55023","Crawford","2017","41.1","",
"55","Wisconsin","55023","Crawford","2018","35.8","",
"55","Wisconsin","55023","Crawford","2019","31.8","",
"55","Wisconsin","55023","Crawford","2020","33.7","",
"55","Wisconsin","55023","Crawford","2021","40.5","",
"55","Wisconsin","55025","Dane","2000","29.4","",
"55","Wisconsin","55025","Dane","2001","28.0","",
"55","Wisconsin","55025","Dane","2002","26.4","",
"55","Wisconsin","55025","Dane","2003","23.2","",
"55","Wisconsin","55025","Dane","2004","21.9","",
"55","Wisconsin","55025","Dane","2005","23.0","",
"55","Wisconsin","55025","Dane","2006","20.6","",
"55","Wisconsin","55025","Dane","2007","23.0","",
"55","Wisconsin","55025","Dane","2008","23.9","",
"55","Wisconsin","55025","Dane","2009","22.0","",
"55","Wisconsin","55025","Dane","2010","23.1","",
"55","Wisconsin","55025","Dane","2011","24.2","",
"55","Wisconsin","55025","Dane","2012","26.4","",
"55","Wisconsin","55025","Dane","2013","24.0","",
"55","Wisconsin","55025","Dane","2014","23.8","",
"55","Wisconsin","55025","Dane","2015","25.0","",
"55","Wisconsin","55025","Dane","2016","29.1","",
"55","Wisconsin","55025","Dane","2017","30.2","",
"55","Wisconsin","55025","Dane","2018","28.0","",
"55","Wisconsin","55025","Dane","2019","26.3","",
"55","Wisconsin","55025","Dane","2020","21.3","",
"55","Wisconsin","55025","Dane","2021","21.3","",
"55","Wisconsin","55027","Dodge","2000","50.3","",
"55","Wisconsin","55027","Dodge","2001","53.4","",
"55","Wisconsin","55027","Dodge","2002","46.3","",
"55","Wisconsin","55027","Dodge","2003","46.0","",
"55","Wisconsin","55027","Dodge","2004","41.3","",
"55","Wisconsin","55027","Dodge","2005","39.7","",
"55","Wisconsin","55027","Dodge","2006","38.2","",
"55","Wisconsin","55027","Dodge","2007","38.3","",
"55","Wisconsin","55027","Dodge","2008","28.7","",
"55","Wisconsin","55027","Dodge","2009","38.9","",
"55","Wisconsin","55027","Dodge","2010","33.0","",
"55","Wisconsin","55027","Dodge","2011","36.5","",
"55","Wisconsin","55027","Dodge","2012","40.5","",
"55","Wisconsin","55027","Dodge","2013","35.1","",
"55","Wisconsin","55027","Dodge","2014","38.1","",
"55","Wisconsin","55027","Dodge","2015","36.3","",
"55","Wisconsin","55027","Dodge","2016","40.4","",
"55","Wisconsin","55027","Dodge","2017","43.8","",
"55","Wisconsin","55027","Dodge","2018","44.9","",
"55","Wisconsin","55027","Dodge","2019","44.7","",
"55","Wisconsin","55027","Dodge","2020","33.4","",
"55","Wisconsin","55027","Dodge","2021","35.9","",
"55","Wisconsin","55029","Door","2000","32.7","",
"55","Wisconsin","55029","Door","2001","34.5","",
"55","Wisconsin","55029","Door","2002","31.8","",
"55","Wisconsin","55029","Door","2003","39.2","",
"55","Wisconsin","55029","Door","2004","35.7","",
"55","Wisconsin","55029","Door","2005","32.8","",
"55","Wisconsin","55029","Door","2006","35.8","",
"55","Wisconsin","55029","Door","2007","30.7","",
"55","Wisconsin","55029","Door","2008","26.3","",
"55","Wisconsin","55029","Door","2009","29.5","",
"55","Wisconsin","55029","Door","2010","29.5","",
"55","Wisconsin","55029","Door","2011","23.0","",
"55","Wisconsin","55029","Door","2012","29.0","",
"55","Wisconsin","55029","Door","2013","39.6","",
"55","Wisconsin","55029","Door","2014","38.5","",
"55","Wisconsin","55029","Door","2015","39.5","",
"55","Wisconsin","55029","Door","2016","41.4","",
"55","Wisconsin","55029","Door","2017","43.2","",
"55","Wisconsin","55029","Door","2018","33.5","",
"55","Wisconsin","55029","Door","2019","38.3","",
"55","Wisconsin","55029","Door","2020","26.4","",
"55","Wisconsin","55029","Door","2021","36.9","",
"55","Wisconsin","55031","Douglas","2000","48.6","",
"55","Wisconsin","55031","Douglas","2001","46.9","",
"55","Wisconsin","55031","Douglas","2002","53.1","",
"55","Wisconsin","55031","Douglas","2003","46.6","",
"55","Wisconsin","55031","Douglas","2004","44.5","",
"55","Wisconsin","55031","Douglas","2005","39.4","",
"55","Wisconsin","55031","Douglas","2006","39.2","",
"55","Wisconsin","55031","Douglas","2007","41.3","",
"55","Wisconsin","55031","Douglas","2008","29.2","",
"55","Wisconsin","55031","Douglas","2009","34.1","",
"55","Wisconsin","55031","Douglas","2010","38.7","",
"55","Wisconsin","55031","Douglas","2011","34.5","",
"55","Wisconsin","55031","Douglas","2012","30.4","",
"55","Wisconsin","55031","Douglas","2013","37.7","",
"55","Wisconsin","55031","Douglas","2014","43.6","",
"55","Wisconsin","55031","Douglas","2015","49.3","",
"55","Wisconsin","55031","Douglas","2016","43.0","",
"55","Wisconsin","55031","Douglas","2017","49.2","",
"55","Wisconsin","55031","Douglas","2018","39.0","",
"55","Wisconsin","55031","Douglas","2019","39.1","",
"55","Wisconsin","55031","Douglas","2020","41.7","",
"55","Wisconsin","55031","Douglas","2021","34.8","",
"55","Wisconsin","55033","Dunn","2000","40.3","",
"55","Wisconsin","55033","Dunn","2001","52.7","",
"55","Wisconsin","55033","Dunn","2002","48.7","",
"55","Wisconsin","55033","Dunn","2003","41.1","",
"55","Wisconsin","55033","Dunn","2004","28.7","",
"55","Wisconsin","55033","Dunn","2005","38.4","",
"55","Wisconsin","55033","Dunn","2006","31.4","",
"55","Wisconsin","55033","Dunn","2007","24.9","",
"55","Wisconsin","55033","Dunn","2008","26.4","",
"55","Wisconsin","55033","Dunn","2009","25.2","",
"55","Wisconsin","55033","Dunn","2010","26.9","",
"55","Wisconsin","55033","Dunn","2011","28.7","",
"55","Wisconsin","55033","Dunn","2012","20.1","",
"55","Wisconsin","55033","Dunn","2013","27.8","",
"55","Wisconsin","55033","Dunn","2014","24.8","",
"55","Wisconsin","55033","Dunn","2015","29.2","",
"55","Wisconsin","55033","Dunn","2016","39.8","",
"55","Wisconsin","55033","Dunn","2017","29.0","",
"55","Wisconsin","55033","Dunn","2018","36.1","",
"55","Wisconsin","55033","Dunn","2019","34.1","",
"55","Wisconsin","55033","Dunn","2020","39.6","",
"55","Wisconsin","55033","Dunn","2021","39.8","",
"55","Wisconsin","55035","Eau Claire","2000","41.4","",
"55","Wisconsin","55035","Eau Claire","2001","51.1","",
"55","Wisconsin","55035","Eau Claire","2002","43.5","",
"55","Wisconsin","55035","Eau Claire","2003","48.5","",
"55","Wisconsin","55035","Eau Claire","2004","45.7","",
"55","Wisconsin","55035","Eau Claire","2005","39.8","",
"55","Wisconsin","55035","Eau Claire","2006","33.8","",
"55","Wisconsin","55035","Eau Claire","2007","32.4","",
"55","Wisconsin","55035","Eau Claire","2008","35.6","",
"55","Wisconsin","55035","Eau Claire","2009","30.7","",
"55","Wisconsin","55035","Eau Claire","2010","34.0","",
"55","Wisconsin","55035","Eau Claire","2011","33.9","",
"55","Wisconsin","55035","Eau Claire","2012","32.0","",
"55","Wisconsin","55035","Eau Claire","2013","29.9","",
"55","Wisconsin","55035","Eau Claire","2014","31.3","",
"55","Wisconsin","55035","Eau Claire","2015","35.4","",
"55","Wisconsin","55035","Eau Claire","2016","37.6","",
"55","Wisconsin","55035","Eau Claire","2017","32.1","",
"55","Wisconsin","55035","Eau Claire","2018","36.7","",
"55","Wisconsin","55035","Eau Claire","2019","36.7","",
"55","Wisconsin","55035","Eau Claire","2020","26.9","",
"55","Wisconsin","55035","Eau Claire","2021","31.2","",
"55","Wisconsin","55037","Florence","2000","Suppressed","Unstable",
"55","Wisconsin","55037","Florence","2001","41.2","",
"55","Wisconsin","55037","Florence","2002","Suppressed","Unstable",
"55","Wisconsin","55037","Florence","2003","18.8","Unstable",
"55","Wisconsin","55037","Florence","2004","Suppressed","Unstable",
"55","Wisconsin","55037","Florence","2005","Suppressed","Unstable",
"55","Wisconsin","55037","Florence","2006","Suppressed","Unstable",
"55","Wisconsin","55037","Florence","2007","Suppressed","Unstable",
"55","Wisconsin","55037","Florence","2008","Suppressed","Unstable",
"55","Wisconsin","55037","Florence","2009","25.9","Unstable",
"55","Wisconsin","55037","Florence","2010","Suppressed","Unstable",
"55","Wisconsin","55037","Florence","2011","36.5","Unstable",
"55","Wisconsin","55037","Florence","2012","Suppressed","Unstable",
"55","Wisconsin","55037","Florence","2013","Suppressed","Unstable",
"55","Wisconsin","55037","Florence","2014","22.9","Unstable",
"55","Wisconsin","55037","Florence","2015","Suppressed","Unstable",
"55","Wisconsin","55037","Florence","2016","39.2","",
"55","Wisconsin","55037","Florence","2017","45.6","",
"55","Wisconsin","55037","Florence","2018","26.1","Unstable",
"55","Wisconsin","55037","Florence","2019","48.6","",
"55","Wisconsin","55037","Florence","2020","27.2","Unstable",
"55","Wisconsin","55037","Florence","2021","23.9","Unstable",
"55","Wisconsin","55039","Fond du Lac","2000","46.0","",
"55","Wisconsin","55039","Fond du Lac","2001","37.7","",
"55","Wisconsin","55039","Fond du Lac","2002","43.0","",
"55","Wisconsin","55039","Fond du Lac","2003","40.4","",
"55","Wisconsin","55039","Fond du Lac","2004","30.9","",
"55","Wisconsin","55039","Fond du Lac","2005","30.7","",
"55","Wisconsin","55039","Fond du Lac","2006","29.1","",
"55","Wisconsin","55039","Fond du Lac","2007","29.6","",
"55","Wisconsin","55039","Fond du Lac","2008","29.8","",
"55","Wisconsin","55039","Fond du Lac","2009","27.5","",
"55","Wisconsin","55039","Fond du Lac","2010","30.6","",
"55","Wisconsin","55039","Fond du Lac","2011","31.0","",
"55","Wisconsin","55039","Fond du Lac","2012","32.6","",
"55","Wisconsin","55039","Fond du Lac","2013","37.2","",
"55","Wisconsin","55039","Fond du Lac","2014","35.5","",
"55","Wisconsin","55039","Fond du Lac","2015","27.9","",
"55","Wisconsin","55039","Fond du Lac","2016","40.1","",
"55","Wisconsin","55039","Fond du Lac","2017","38.0","",
"55","Wisconsin","55039","Fond du Lac","2018","42.2","",
"55","Wisconsin","55039","Fond du Lac","2019","42.7","",
"55","Wisconsin","55039","Fond du Lac","2020","31.0","",
"55","Wisconsin","55039","Fond du Lac","2021","31.6","",
"55","Wisconsin","55041","Forest","2000","63.0","",
"55","Wisconsin","55041","Forest","2001","48.9","",
"55","Wisconsin","55041","Forest","2002","59.0","",
"55","Wisconsin","55041","Forest","2003","62.7","",
"55","Wisconsin","55041","Forest","2004","55.1","",
"55","Wisconsin","55041","Forest","2005","48.2","",
"55","Wisconsin","55041","Forest","2006","51.9","",
"55","Wisconsin","55041","Forest","2007","43.3","",
"55","Wisconsin","55041","Forest","2008","52.4","",
"55","Wisconsin","55041","Forest","2009","56.8","",
"55","Wisconsin","55041","Forest","2010","53.8","",
"55","Wisconsin","55041","Forest","2011","39.4","",
"55","Wisconsin","55041","Forest","2012","45.0","",
"55","Wisconsin","55041","Forest","2013","45.4","",
"55","Wisconsin","55041","Forest","2014","61.4","",
"55","Wisconsin","55041","Forest","2015","72.6","",
"55","Wisconsin","55041","Forest","2016","45.0","",
"55","Wisconsin","55041","Forest","2017","48.8","",
"55","Wisconsin","55041","Forest","2018","43.0","",
"55","Wisconsin","55041","Forest","2019","41.2","",
"55","Wisconsin","55041","Forest","2020","47.9","",
"55","Wisconsin","55041","Forest","2021","49.0","",
"55","Wisconsin","55043","Grant","2000","36.7","",
"55","Wisconsin","55043","Grant","2001","35.8","",
"55","Wisconsin","55043","Grant","2002","31.9","",
"55","Wisconsin","55043","Grant","2003","35.7","",
"55","Wisconsin","55043","Grant","2004","26.2","",
"55","Wisconsin","55043","Grant","2005","50.5","",
"55","Wisconsin","55043","Grant","2006","43.1","",
"55","Wisconsin","55043","Grant","2007","39.7","",
"55","Wisconsin","55043","Grant","2008","30.3","",
"55","Wisconsin","55043","Grant","2009","36.7","",
"55","Wisconsin","55043","Grant","2010","38.5","",
"55","Wisconsin","55043","Grant","2011","39.7","",
"55","Wisconsin","55043","Grant","2012","42.5","",
"55","Wisconsin","55043","Grant","2013","41.3","",
"55","Wisconsin","55043","Grant","2014","40.3","",
"55","Wisconsin","55043","Grant","2015","37.8","",
"55","Wisconsin","55043","Grant","2016","48.1","",
"55","Wisconsin","55043","Grant","2017","41.5","",
"55","Wisconsin","55043","Grant","2018","35.8","",
"55","Wisconsin","55043","Grant","2019","36.8","",
"55","Wisconsin","55043","Grant","2020","31.9","",
"55","Wisconsin","55043","Grant","2021","31.1","",
"55","Wisconsin","55045","Green","2000","52.4","",
"55","Wisconsin","55045","Green","2001","34.2","",
"55","Wisconsin","55045","Green","2002","43.7","",
"55","Wisconsin","55045","Green","2003","41.7","",
"55","Wisconsin","55045","Green","2004","40.9","",
"55","Wisconsin","55045","Green","2005","38.0","",
"55","Wisconsin","55045","Green","2006","31.7","",
"55","Wisconsin","55045","Green","2007","34.1","",
"55","Wisconsin","55045","Green","2008","35.6","",
"55","Wisconsin","55045","Green","2009","33.9","",
"55","Wisconsin","55045","Green","2010","28.5","",
"55","Wisconsin","55045","Green","2011","22.8","",
"55","Wisconsin","55045","Green","2012","25.5","",
"55","Wisconsin","55045","Green","2013","27.2","",
"55","Wisconsin","55045","Green","2014","28.0","",
"55","Wisconsin","55045","Green","2015","32.5","",
"55","Wisconsin","55045","Green","2016","36.6","",
"55","Wisconsin","55045","Green","2017","29.1","",
"55","Wisconsin","55045","Green","2018","33.8","",
"55","Wisconsin","55045","Green","2019","33.7","",
"55","Wisconsin","55045","Green","2020","30.7","",
"55","Wisconsin","55045","Green","2021","29.7","",
"55","Wisconsin","55047","Green Lake","2000","48.1","",
"55","Wisconsin","55047","Green Lake","2001","49.5","",
"55","Wisconsin","55047","Green Lake","2002","39.2","",
"55","Wisconsin","55047","Green Lake","2003","36.6","",
"55","Wisconsin","55047","Green Lake","2004","36.6","",
"55","Wisconsin","55047","Green Lake","2005","32.2","",
"55","Wisconsin","55047","Green Lake","2006","28.7","",
"55","Wisconsin","55047","Green Lake","2007","38.2","",
"55","Wisconsin","55047","Green Lake","2008","46.9","",
"55","Wisconsin","55047","Green Lake","2009","44.3","",
"55","Wisconsin","55047","Green Lake","2010","37.3","",
"55","Wisconsin","55047","Green Lake","2011","38.9","",
"55","Wisconsin","55047","Green Lake","2012","41.9","",
"55","Wisconsin","55047","Green Lake","2013","46.4","",
"55","Wisconsin","55047","Green Lake","2014","41.4","",
"55","Wisconsin","55047","Green Lake","2015","35.2","",
"55","Wisconsin","55047","Green Lake","2016","36.0","",
"55","Wisconsin","55047","Green Lake","2017","38.6","",
"55","Wisconsin","55047","Green Lake","2018","49.5","",
"55","Wisconsin","55047","Green Lake","2019","44.8","",
"55","Wisconsin","55047","Green Lake","2020","42.0","",
"55","Wisconsin","55047","Green Lake","2021","51.7","",
"55","Wisconsin","55049","Iowa","2000","39.1","",
"55","Wisconsin","55049","Iowa","2001","43.5","",
"55","Wisconsin","55049","Iowa","2002","35.7","",
"55","Wisconsin","55049","Iowa","2003","41.4","",
"55","Wisconsin","55049","Iowa","2004","23.2","",
"55","Wisconsin","55049","Iowa","2005","30.4","",
"55","Wisconsin","55049","Iowa","2006","24.1","",
"55","Wisconsin","55049","Iowa","2007","23.0","",
"55","Wisconsin","55049","Iowa","2008","37.7","",
"55","Wisconsin","55049","Iowa","2009","27.3","",
"55","Wisconsin","55049","Iowa","2010","19.8","",
"55","Wisconsin","55049","Iowa","2011","24.9","",
"55","Wisconsin","55049","Iowa","2012","27.0","",
"55","Wisconsin","55049","Iowa","2013","18.2","",
"55","Wisconsin","55049","Iowa","2014","34.0","",
"55","Wisconsin","55049","Iowa","2015","38.8","",
"55","Wisconsin","55049","Iowa","2016","29.6","",
"55","Wisconsin","55049","Iowa","2017","27.1","",
"55","Wisconsin","55049","Iowa","2018","38.9","",
"55","Wisconsin","55049","Iowa","2019","34.4","",
"55","Wisconsin","55049","Iowa","2020","34.9","",
"55","Wisconsin","55049","Iowa","2021","38.7","",
"55","Wisconsin","55051","Iron","2000","46.7","",
"55","Wisconsin","55051","Iron","2001","26.8","",
"55","Wisconsin","55051","Iron","2002","42.7","",
"55","Wisconsin","55051","Iron","2003","34.1","",
"55","Wisconsin","55051","Iron","2004","Suppressed","Unstable",
"55","Wisconsin","55051","Iron","2005","Suppressed","Unstable",
"55","Wisconsin","55051","Iron","2006","32.7","",
"55","Wisconsin","55051","Iron","2007","30.3","",
"55","Wisconsin","55051","Iron","2008","40.0","",
"55","Wisconsin","55051","Iron","2009","33.4","",
"55","Wisconsin","55051","Iron","2010","40.5","",
"55","Wisconsin","55051","Iron","2011","19.0","Unstable",
"55","Wisconsin","55051","Iron","2012","38.4","",
"55","Wisconsin","55051","Iron","2013","36.3","",
"55","Wisconsin","55051","Iron","2014","33.8","",
"55","Wisconsin","55051","Iron","2015","41.6","",
"55","Wisconsin","55051","Iron","2016","24.6","Unstable",
"55","Wisconsin","55051","Iron","2017","29.3","",
"55","Wisconsin","55051","Iron","2018","41.4","",
"55","Wisconsin","55051","Iron","2019","41.6","",
"55","Wisconsin","55051","Iron","2020","45.6","",
"55","Wisconsin","55051","Iron","2021","29.4","",
"55","Wisconsin","55053","Jackson","2000","62.0","",
"55","Wisconsin","55053","Jackson","2001","52.1","",
"55","Wisconsin","55053","Jackson","2002","61.9","",
"55","Wisconsin","55053","Jackson","2003","63.6","",
"55","Wisconsin","55053","Jackson","2004","42.1","",
"55","Wisconsin","55053","Jackson","2005","35.0","",
"55","Wisconsin","55053","Jackson","2006","43.3","",
"55","Wisconsin","55053","Jackson","2007","50.6","",
"55","Wisconsin","55053","Jackson","2008","41.3","",
"55","Wisconsin","55053","Jackson","2009","40.2","",
"55","Wisconsin","55053","Jackson","2010","43.1","",
"55","Wisconsin","55053","Jackson","2011","41.4","",
"55","Wisconsin","55053","Jackson","2012","38.9","",
"55","Wisconsin","55053","Jackson","2013","33.7","",
"55","Wisconsin","55053","Jackson","2014","32.7","",
"55","Wisconsin","55053","Jackson","2015","21.0","",
"55","Wisconsin","55053","Jackson","2016","37.6","",
"55","Wisconsin","55053","Jackson","2017","45.9","",
"55","Wisconsin","55053","Jackson","2018","48.2","",
"55","Wisconsin","55053","Jackson","2019","40.5","",
"55","Wisconsin","55053","Jackson","2020","28.2","",
"55","Wisconsin","55053","Jackson","2021","34.7","",
"55","Wisconsin","55055","Jefferson","2000","34.7","",
"55","Wisconsin","55055","Jefferson","2001","40.0","",
"55","Wisconsin","55055","Jefferson","2002","42.4","",
"55","Wisconsin","55055","Jefferson","2003","31.5","",
"55","Wisconsin","55055","Jefferson","2004","30.2","",
"55","Wisconsin","55055","Jefferson","2005","23.8","",
"55","Wisconsin","55055","Jefferson","2006","27.5","",
"55","Wisconsin","55055","Jefferson","2007","21.6","",
"55","Wisconsin","55055","Jefferson","2008","24.5","",
"55","Wisconsin","55055","Jefferson","2009","20.5","",
"55","Wisconsin","55055","Jefferson","2010","24.1","",
"55","Wisconsin","55055","Jefferson","2011","21.2","",
"55","Wisconsin","55055","Jefferson","2012","26.6","",
"55","Wisconsin","55055","Jefferson","2013","33.9","",
"55","Wisconsin","55055","Jefferson","2014","25.8","",
"55","Wisconsin","55055","Jefferson","2015","26.4","",
"55","Wisconsin","55055","Jefferson","2016","26.0","",
"55","Wisconsin","55055","Jefferson","2017","22.4","",
"55","Wisconsin","55055","Jefferson","2018","24.5","",
"55","Wisconsin","55055","Jefferson","2019","29.4","",
"55","Wisconsin","55055","Jefferson","2020","27.0","",
"55","Wisconsin","55055","Jefferson","2021","22.6","",
"55","Wisconsin","55057","Juneau","2000","64.9","",
"55","Wisconsin","55057","Juneau","2001","43.4","",
"55","Wisconsin","55057","Juneau","2002","53.9","",
"55","Wisconsin","55057","Juneau","2003","45.9","",
"55","Wisconsin","55057","Juneau","2004","44.5","",
"55","Wisconsin","55057","Juneau","2005","36.3","",
"55","Wisconsin","55057","Juneau","2006","44.2","",
"55","Wisconsin","55057","Juneau","2007","35.6","",
"55","Wisconsin","55057","Juneau","2008","37.9","",
"55","Wisconsin","55057","Juneau","2009","42.0","",
"55","Wisconsin","55057","Juneau","2010","31.4","",
"55","Wisconsin","55057","Juneau","2011","33.8","",
"55","Wisconsin","55057","Juneau","2012","41.0","",
"55","Wisconsin","55057","Juneau","2013","41.8","",
"55","Wisconsin","55057","Juneau","2014","43.1","",
"55","Wisconsin","55057","Juneau","2015","51.0","",
"55","Wisconsin","55057","Juneau","2016","49.6","",
"55","Wisconsin","55057","Juneau","2017","47.8","",
"55","Wisconsin","55057","Juneau","2018","46.8","",
"55","Wisconsin","55057","Juneau","2019","39.2","",
"55","Wisconsin","55057","Juneau","2020","36.2","",
"55","Wisconsin","55057","Juneau","2021","38.4","",
"55","Wisconsin","55059","Kenosha","2000","36.5","",
"55","Wisconsin","55059","Kenosha","2001","36.8","",
"55","Wisconsin","55059","Kenosha","2002","35.0","",
"55","Wisconsin","55059","Kenosha","2003","33.2","",
"55","Wisconsin","55059","Kenosha","2004","35.7","",
"55","Wisconsin","55059","Kenosha","2005","27.2","",
"55","Wisconsin","55059","Kenosha","2006","30.0","",
"55","Wisconsin","55059","Kenosha","2007","22.7","",
"55","Wisconsin","55059","Kenosha","2008","23.9","",
"55","Wisconsin","55059","Kenosha","2009","21.7","",
"55","Wisconsin","55059","Kenosha","2010","25.1","",
"55","Wisconsin","55059","Kenosha","2011","23.4","",
"55","Wisconsin","55059","Kenosha","2012","22.8","",
"55","Wisconsin","55059","Kenosha","2013","21.5","",
"55","Wisconsin","55059","Kenosha","2014","24.4","",
"55","Wisconsin","55059","Kenosha","2015","22.3","",
"55","Wisconsin","55059","Kenosha","2016","22.4","",
"55","Wisconsin","55059","Kenosha","2017","23.6","",
"55","Wisconsin","55059","Kenosha","2018","26.8","",
"55","Wisconsin","55059","Kenosha","2019","28.4","",
"55","Wisconsin","55059","Kenosha","2020","20.9","",
"55","Wisconsin","55059","Kenosha","2021","25.5","",
"55","Wisconsin","55061","Kewaunee","2000","36.6","",
"55","Wisconsin","55061","Kewaunee","2001","37.7","",
"55","Wisconsin","55061","Kewaunee","2002","33.5","",
"55","Wisconsin","55061","Kewaunee","2003","33.2","",
"55","Wisconsin","55061","Kewaunee","2004","34.4","",
"55","Wisconsin","55061","Kewaunee","2005","24.8","",
"55","Wisconsin","55061","Kewaunee","2006","27.0","",
"55","Wisconsin","55061","Kewaunee","2007","39.3","",
"55","Wisconsin","55061","Kewaunee","2008","47.5","",
"55","Wisconsin","55061","Kewaunee","2009","38.2","",
"55","Wisconsin","55061","Kewaunee","2010","42.2","",
"55","Wisconsin","55061","Kewaunee","2011","30.4","",
"55","Wisconsin","55061","Kewaunee","2012","26.9","",
"55","Wisconsin","55061","Kewaunee","2013","30.2","",
"55","Wisconsin","55061","Kewaunee","2014","40.6","",
"55","Wisconsin","55061","Kewaunee","2015","32.4","",
"55","Wisconsin","55061","Kewaunee","2016","31.4","",
"55","Wisconsin","55061","Kewaunee","2017","35.4","",
"55","Wisconsin","55061","Kewaunee","2018","33.0","",
"55","Wisconsin","55061","Kewaunee","2019","36.9","",
"55","Wisconsin","55061","Kewaunee","2020","29.4","",
"55","Wisconsin","55061","Kewaunee","2021","35.4","",
"55","Wisconsin","55063","La Crosse","2000","28.1","",
"55","Wisconsin","55063","La Crosse","2001","32.2","",
"55","Wisconsin","55063","La Crosse","2002","35.1","",
"55","Wisconsin","55063","La Crosse","2003","37.6","",
"55","Wisconsin","55063","La Crosse","2004","35.1","",
"55","Wisconsin","55063","La Crosse","2005","31.0","",
"55","Wisconsin","55063","La Crosse","2006","34.0","",
"55","Wisconsin","55063","La Crosse","2007","26.4","",
"55","Wisconsin","55063","La Crosse","2008","29.3","",
"55","Wisconsin","55063","La Crosse","2009","31.6","",
"55","Wisconsin","55063","La Crosse","2010","28.3","",
"55","Wisconsin","55063","La Crosse","2011","26.9","",
"55","Wisconsin","55063","La Crosse","2012","25.9","",
"55","Wisconsin","55063","La Crosse","2013","26.7","",
"55","Wisconsin","55063","La Crosse","2014","24.4","",
"55","Wisconsin","55063","La Crosse","2015","24.2","",
"55","Wisconsin","55063","La Crosse","2016","25.4","",
"55","Wisconsin","55063","La Crosse","2017","26.0","",
"55","Wisconsin","55063","La Crosse","2018","24.8","",
"55","Wisconsin","55063","La Crosse","2019","26.9","",
"55","Wisconsin","55063","La Crosse","2020","24.5","",
"55","Wisconsin","55063","La Crosse","2021","25.0","",
"55","Wisconsin","55065","Lafayette","2000","40.5","",
"55","Wisconsin","55065","Lafayette","2001","43.6","",
"55","Wisconsin","55065","Lafayette","2002","57.5","",
"55","Wisconsin","55065","Lafayette","2003","43.8","",
"55","Wisconsin","55065","Lafayette","2004","34.5","",
"55","Wisconsin","55065","Lafayette","2005","64.5","",
"55","Wisconsin","55065","Lafayette","2006","51.2","",
"55","Wisconsin","55065","Lafayette","2007","53.5","",
"55","Wisconsin","55065","Lafayette","2008","46.9","",
"55","Wisconsin","55065","Lafayette","2009","35.2","",
"55","Wisconsin","55065","Lafayette","2010","33.0","",
"55","Wisconsin","55065","Lafayette","2011","38.4","",
"55","Wisconsin","55065","Lafayette","2012","43.6","",
"55","Wisconsin","55065","Lafayette","2013","38.4","",
"55","Wisconsin","55065","Lafayette","2014","31.0","",
"55","Wisconsin","55065","Lafayette","2015","42.4","",
"55","Wisconsin","55065","Lafayette","2016","27.5","",
"55","Wisconsin","55065","Lafayette","2017","43.0","",
"55","Wisconsin","55065","Lafayette","2018","35.6","",
"55","Wisconsin","55065","Lafayette","2019","33.3","",
"55","Wisconsin","55065","Lafayette","2020","30.3","",
"55","Wisconsin","55065","Lafayette","2021","31.1","",
"55","Wisconsin","55067","Langlade","2000","61.8","",
"55","Wisconsin","55067","Langlade","2001","43.0","",
"55","Wisconsin","55067","Langlade","2002","68.7","",
"55","Wisconsin","55067","Langlade","2003","59.6","",
"55","Wisconsin","55067","Langlade","2004","53.1","",
"55","Wisconsin","55067","Langlade","2005","35.3","",
"55","Wisconsin","55067","Langlade","2006","47.0","",
"55","Wisconsin","55067","Langlade","2007","30.2","",
"55","Wisconsin","55067","Langlade","2008","26.2","",
"55","Wisconsin","55067","Langlade","2009","37.7","",
"55","Wisconsin","55067","Langlade","2010","36.9","",
"55","Wisconsin","55067","Langlade","2011","37.1","",
"55","Wisconsin","55067","Langlade","2012","42.8","",
"55","Wisconsin","55067","Langlade","2013","45.5","",
"55","Wisconsin","55067","Langlade","2014","37.5","",
"55","Wisconsin","55067","Langlade","2015","27.1","",
"55","Wisconsin","55067","Langlade","2016","37.8","",
"55","Wisconsin","55067","Langlade","2017","29.4","",
"55","Wisconsin","55067","Langlade","2018","31.5","",
"55","Wisconsin","55067","Langlade","2019","38.0","",
"55","Wisconsin","55067","Langlade","2020","36.7","",
"55","Wisconsin","55067","Langlade","2021","42.7","",
"55","Wisconsin","55069","Lincoln","2000","55.3","",
"55","Wisconsin","55069","Lincoln","2001","53.0","",
"55","Wisconsin","55069","Lincoln","2002","62.2","",
"55","Wisconsin","55069","Lincoln","2003","44.7","",
"55","Wisconsin","55069","Lincoln","2004","47.5","",
"55","Wisconsin","55069","Lincoln","2005","49.3","",
"55","Wisconsin","55069","Lincoln","2006","33.7","",
"55","Wisconsin","55069","Lincoln","2007","28.6","",
"55","Wisconsin","55069","Lincoln","2008","49.9","",
"55","Wisconsin","55069","Lincoln","2009","39.3","",
"55","Wisconsin","55069","Lincoln","2010","30.2","",
"55","Wisconsin","55069","Lincoln","2011","43.7","",
"55","Wisconsin","55069","Lincoln","2012","35.2","",
"55","Wisconsin","55069","Lincoln","2013","44.3","",
"55","Wisconsin","55069","Lincoln","2014","47.6","",
"55","Wisconsin","55069","Lincoln","2015","40.4","",
"55","Wisconsin","55069","Lincoln","2016","38.0","",
"55","Wisconsin","55069","Lincoln","2017","47.5","",
"55","Wisconsin","55069","Lincoln","2018","47.2","",
"55","Wisconsin","55069","Lincoln","2019","53.8","",
"55","Wisconsin","55069","Lincoln","2020","48.6","",
"55","Wisconsin","55069","Lincoln","2021","40.1","",
"55","Wisconsin","55071","Manitowoc","2000","45.7","",
"55","Wisconsin","55071","Manitowoc","2001","52.4","",
"55","Wisconsin","55071","Manitowoc","2002","50.5","",
"55","Wisconsin","55071","Manitowoc","2003","50.0","",
"55","Wisconsin","55071","Manitowoc","2004","52.7","",
"55","Wisconsin","55071","Manitowoc","2005","45.1","",
"55","Wisconsin","55071","Manitowoc","2006","50.9","",
"55","Wisconsin","55071","Manitowoc","2007","46.3","",
"55","Wisconsin","55071","Manitowoc","2008","50.0","",
"55","Wisconsin","55071","Manitowoc","2009","41.2","",
"55","Wisconsin","55071","Manitowoc","2010","33.7","",
"55","Wisconsin","55071","Manitowoc","2011","37.7","",
"55","Wisconsin","55071","Manitowoc","2012","35.0","",
"55","Wisconsin","55071","Manitowoc","2013","36.3","",
"55","Wisconsin","55071","Manitowoc","2014","34.1","",
"55","Wisconsin","55071","Manitowoc","2015","35.4","",
"55","Wisconsin","55071","Manitowoc","2016","37.4","",
"55","Wisconsin","55071","Manitowoc","2017","33.3","",
"55","Wisconsin","55071","Manitowoc","2018","30.9","",
"55","Wisconsin","55071","Manitowoc","2019","31.7","",
"55","Wisconsin","55071","Manitowoc","2020","24.5","",
"55","Wisconsin","55071","Manitowoc","2021","30.0","",
"55","Wisconsin","55073","Marathon","2000","36.7","",
"55","Wisconsin","55073","Marathon","2001","39.4","",
"55","Wisconsin","55073","Marathon","2002","39.3","",
"55","Wisconsin","55073","Marathon","2003","28.6","",
"55","Wisconsin","55073","Marathon","2004","32.4","",
"55","Wisconsin","55073","Marathon","2005","27.3","",
"55","Wisconsin","55073","Marathon","2006","28.1","",
"55","Wisconsin","55073","Marathon","2007","29.4","",
"55","Wisconsin","55073","Marathon","2008","24.8","",
"55","Wisconsin","55073","Marathon","2009","23.5","",
"55","Wisconsin","55073","Marathon","2010","28.5","",
"55","Wisconsin","55073","Marathon","2011","27.9","",
"55","Wisconsin","55073","Marathon","2012","26.9","",
"55","Wisconsin","55073","Marathon","2013","24.8","",
"55","Wisconsin","55073","Marathon","2014","24.5","",
"55","Wisconsin","55073","Marathon","2015","28.0","",
"55","Wisconsin","55073","Marathon","2016","27.0","",
"55","Wisconsin","55073","Marathon","2017","26.1","",
"55","Wisconsin","55073","Marathon","2018","26.6","",
"55","Wisconsin","55073","Marathon","2019","28.5","",
"55","Wisconsin","55073","Marathon","2020","27.2","",
"55","Wisconsin","55073","Marathon","2021","34.8","",
"55","Wisconsin","55075","Marinette","2000","37.7","",
"55","Wisconsin","55075","Marinette","2001","48.6","",
"55","Wisconsin","55075","Marinette","2002","41.0","",
"55","Wisconsin","55075","Marinette","2003","43.9","",
"55","Wisconsin","55075","Marinette","2004","41.7","",
"55","Wisconsin","55075","Marinette","2005","50.3","",
"55","Wisconsin","55075","Marinette","2006","51.3","",
"55","Wisconsin","55075","Marinette","2007","64.8","",
"55","Wisconsin","55075","Marinette","2008","66.3","",
"55","Wisconsin","55075","Marinette","2009","54.4","",
"55","Wisconsin","55075","Marinette","2010","73.1","",
"55","Wisconsin","55075","Marinette","2011","66.7","",
"55","Wisconsin","55075","Marinette","2012","63.9","",
"55","Wisconsin","55075","Marinette","2013","57.2","",
"55","Wisconsin","55075","Marinette","2014","66.4","",
"55","Wisconsin","55075","Marinette","2015","63.3","",
"55","Wisconsin","55075","Marinette","2016","62.2","",
"55","Wisconsin","55075","Marinette","2017","53.8","",
"55","Wisconsin","55075","Marinette","2018","41.1","",
"55","Wisconsin","55075","Marinette","2019","43.3","",
"55","Wisconsin","55075","Marinette","2020","38.0","",
"55","Wisconsin","55075","Marinette","2021","34.9","",
"55","Wisconsin","55077","Marquette","2000","45.1","",
"55","Wisconsin","55077","Marquette","2001","45.7","",
"55","Wisconsin","55077","Marquette","2002","55.1","",
"55","Wisconsin","55077","Marquette","2003","36.0","",
"55","Wisconsin","55077","Marquette","2004","39.2","",
"55","Wisconsin","55077","Marquette","2005","38.7","",
"55","Wisconsin","55077","Marquette","2006","36.1","",
"55","Wisconsin","55077","Marquette","2007","28.1","",
"55","Wisconsin","55077","Marquette","2008","44.8","",
"55","Wisconsin","55077","Marquette","2009","33.9","",
"55","Wisconsin","55077","Marquette","2010","32.1","",
"55","Wisconsin","55077","Marquette","2011","30.3","",
"55","Wisconsin","55077","Marquette","2012","41.4","",
"55","Wisconsin","55077","Marquette","2013","34.3","",
"55","Wisconsin","55077","Marquette","2014","42.7","",
"55","Wisconsin","55077","Marquette","2015","41.5","",
"55","Wisconsin","55077","Marquette","2016","41.4","",
"55","Wisconsin","55077","Marquette","2017","32.9","",
"55","Wisconsin","55077","Marquette","2018","45.4","",
"55","Wisconsin","55077","Marquette","2019","51.9","",
"55","Wisconsin","55077","Marquette","2020","33.9","",
"55","Wisconsin","55077","Marquette","2021","27.8","",
"55","Wisconsin","55078","Menominee","2000","Suppressed","Unstable",
"55","Wisconsin","55078","Menominee","2001","52.5","Unstable",
"55","Wisconsin","55078","Menominee","2002","Suppressed","",
"55","Wisconsin","55078","Menominee","2003","46.2","Unstable",
"55","Wisconsin","55078","Menominee","2004","102.7","",
"55","Wisconsin","55078","Menominee","2005","66.7","",
"55","Wisconsin","55078","Menominee","2006","Suppressed","Unstable",
"55","Wisconsin","55078","Menominee","2007","Suppressed","Unstable",
"55","Wisconsin","55078","Menominee","2008","Suppressed","Unstable",
"55","Wisconsin","55078","Menominee","2009","70.0","",
"55","Wisconsin","55078","Menominee","2010","Suppressed","Unstable",
"55","Wisconsin","55078","Menominee","2011","45.1","Unstable",
"55","Wisconsin","55078","Menominee","2012","Suppressed","Unstable",
"55","Wisconsin","55078","Menominee","2013","Suppressed","Unstable",
"55","Wisconsin","55078","Menominee","2014","83.0","",
"55","Wisconsin","55078","Menominee","2015","Suppressed","",
"55","Wisconsin","55078","Menominee","2016","48.0","Unstable",
"55","Wisconsin","55078","Menominee","2017","75.9","",
"55","Wisconsin","55078","Menominee","2018","71.0","",
"55","Wisconsin","55078","Menominee","2019","86.3","",
"55","Wisconsin","55078","Menominee","2020","36.0","Unstable",
"55","Wisconsin","55078","Menominee","2021","66.7","",
"55","Wisconsin","55079","Milwaukee","2000","41.3","",
"55","Wisconsin","55079","Milwaukee","2001","45.0","",
"55","Wisconsin","55079","Milwaukee","2002","42.3","",
"55","Wisconsin","55079","Milwaukee","2003","40.8","",
"55","Wisconsin","55079","Milwaukee","2004","40.0","",
"55","Wisconsin","55079","Milwaukee","2005","41.2","",
"55","Wisconsin","55079","Milwaukee","2006","38.7","",
"55","Wisconsin","55079","Milwaukee","2007","37.3","",
"55","Wisconsin","55079","Milwaukee","2008","36.6","",
"55","Wisconsin","55079","Milwaukee","2009","32.7","",
"55","Wisconsin","55079","Milwaukee","2010","32.9","",
"55","Wisconsin","55079","Milwaukee","2011","33.3","",
"55","Wisconsin","55079","Milwaukee","2012","34.1","",
"55","Wisconsin","55079","Milwaukee","2013","30.8","",
"55","Wisconsin","55079","Milwaukee","2014","31.5","",
"55","Wisconsin","55079","Milwaukee","2015","32.4","",
"55","Wisconsin","55079","Milwaukee","2016","31.8","",
"55","Wisconsin","55079","Milwaukee","2017","31.7","",
"55","Wisconsin","55079","Milwaukee","2018","32.3","",
"55","Wisconsin","55079","Milwaukee","2019","32.7","",
"55","Wisconsin","55079","Milwaukee","2020","29.5","",
"55","Wisconsin","55079","Milwaukee","2021","29.3","",
"55","Wisconsin","55081","Monroe","2000","48.6","",
"55","Wisconsin","55081","Monroe","2001","45.0","",
"55","Wisconsin","55081","Monroe","2002","48.7","",
"55","Wisconsin","55081","Monroe","2003","38.0","",
"55","Wisconsin","55081","Monroe","2004","41.2","",
"55","Wisconsin","55081","Monroe","2005","31.6","",
"55","Wisconsin","55081","Monroe","2006","36.2","",
"55","Wisconsin","55081","Monroe","2007","28.1","",
"55","Wisconsin","55081","Monroe","2008","37.7","",
"55","Wisconsin","55081","Monroe","2009","41.6","",
"55","Wisconsin","55081","Monroe","2010","32.3","",
"55","Wisconsin","55081","Monroe","2011","40.7","",
"55","Wisconsin","55081","Monroe","2012","32.5","",
"55","Wisconsin","55081","Monroe","2013","36.8","",
"55","Wisconsin","55081","Monroe","2014","33.7","",
"55","Wisconsin","55081","Monroe","2015","35.1","",
"55","Wisconsin","55081","Monroe","2016","34.3","",
"55","Wisconsin","55081","Monroe","2017","27.3","",
"55","Wisconsin","55081","Monroe","2018","37.6","",
"55","Wisconsin","55081","Monroe","2019","33.4","",
"55","Wisconsin","55081","Monroe","2020","29.5","",
"55","Wisconsin","55081","Monroe","2021","38.9","",
"55","Wisconsin","55083","Oconto","2000","41.0","",
"55","Wisconsin","55083","Oconto","2001","35.8","",
"55","Wisconsin","55083","Oconto","2002","39.9","",
"55","Wisconsin","55083","Oconto","2003","39.5","",
"55","Wisconsin","55083","Oconto","2004","36.9","",
"55","Wisconsin","55083","Oconto","2005","32.4","",
"55","Wisconsin","55083","Oconto","2006","31.0","",
"55","Wisconsin","55083","Oconto","2007","29.9","",
"55","Wisconsin","55083","Oconto","2008","34.2","",
"55","Wisconsin","55083","Oconto","2009","31.8","",
"55","Wisconsin","55083","Oconto","2010","32.1","",
"55","Wisconsin","55083","Oconto","2011","32.9","",
"55","Wisconsin","55083","Oconto","2012","29.7","",
"55","Wisconsin","55083","Oconto","2013","38.0","",
"55","Wisconsin","55083","Oconto","2014","30.6","",
"55","Wisconsin","55083","Oconto","2015","21.1","",
"55","Wisconsin","55083","Oconto","2016","38.4","",
"55","Wisconsin","55083","Oconto","2017","33.2","",
"55","Wisconsin","55083","Oconto","2018","30.3","",
"55","Wisconsin","55083","Oconto","2019","42.2","",
"55","Wisconsin","55083","Oconto","2020","31.7","",
"55","Wisconsin","55083","Oconto","2021","27.7","",
"55","Wisconsin","55085","Oneida","2000","74.7","",
"55","Wisconsin","55085","Oneida","2001","58.5","",
"55","Wisconsin","55085","Oneida","2002","46.0","",
"55","Wisconsin","55085","Oneida","2003","51.5","",
"55","Wisconsin","55085","Oneida","2004","51.8","",
"55","Wisconsin","55085","Oneida","2005","47.8","",
"55","Wisconsin","55085","Oneida","2006","42.8","",
"55","Wisconsin","55085","Oneida","2007","45.9","",
"55","Wisconsin","55085","Oneida","2008","35.5","",
"55","Wisconsin","55085","Oneida","2009","36.5","",
"55","Wisconsin","55085","Oneida","2010","28.2","",
"55","Wisconsin","55085","Oneida","2011","36.3","",
"55","Wisconsin","55085","Oneida","2012","41.1","",
"55","Wisconsin","55085","Oneida","2013","45.4","",
"55","Wisconsin","55085","Oneida","2014","33.6","",
"55","Wisconsin","55085","Oneida","2015","52.8","",
"55","Wisconsin","55085","Oneida","2016","45.0","",
"55","Wisconsin","55085","Oneida","2017","54.5","",
"55","Wisconsin","55085","Oneida","2018","49.6","",
"55","Wisconsin","55085","Oneida","2019","52.8","",
"55","Wisconsin","55085","Oneida","2020","47.2","",
"55","Wisconsin","55085","Oneida","2021","42.4","",
"55","Wisconsin","55087","Outagamie","2000","28.3","",
"55","Wisconsin","55087","Outagamie","2001","24.6","",
"55","Wisconsin","55087","Outagamie","2002","25.7","",
"55","Wisconsin","55087","Outagamie","2003","29.1","",
"55","Wisconsin","55087","Outagamie","2004","31.4","",
"55","Wisconsin","55087","Outagamie","2005","30.9","",
"55","Wisconsin","55087","Outagamie","2006","26.1","",
"55","Wisconsin","55087","Outagamie","2007","27.9","",
"55","Wisconsin","55087","Outagamie","2008","28.6","",
"55","Wisconsin","55087","Outagamie","2009","21.0","",
"55","Wisconsin","55087","Outagamie","2010","27.4","",
"55","Wisconsin","55087","Outagamie","2011","27.3","",
"55","Wisconsin","55087","Outagamie","2012","26.7","",
"55","Wisconsin","55087","Outagamie","2013","23.4","",
"55","Wisconsin","55087","Outagamie","2014","25.8","",
"55","Wisconsin","55087","Outagamie","2015","26.2","",
"55","Wisconsin","55087","Outagamie","2016","30.5","",
"55","Wisconsin","55087","Outagamie","2017","29.6","",
"55","Wisconsin","55087","Outagamie","2018","29.8","",
"55","Wisconsin","55087","Outagamie","2019","28.2","",
"55","Wisconsin","55087","Outagamie","2020","24.6","",
"55","Wisconsin","55087","Outagamie","2021","25.0","",
"55","Wisconsin","55089","Ozaukee","2000","27.9","",
"55","Wisconsin","55089","Ozaukee","2001","27.4","",
"55","Wisconsin","55089","Ozaukee","2002","29.5","",
"55","Wisconsin","55089","Ozaukee","2003","25.8","",
"55","Wisconsin","55089","Ozaukee","2004","32.0","",
"55","Wisconsin","55089","Ozaukee","2005","32.4","",
"55","Wisconsin","55089","Ozaukee","2006","24.5","",
"55","Wisconsin","55089","Ozaukee","2007","29.0","",
"55","Wisconsin","55089","Ozaukee","2008","21.0","",
"55","Wisconsin","55089","Ozaukee","2009","24.9","",
"55","Wisconsin","55089","Ozaukee","2010","27.8","",
"55","Wisconsin","55089","Ozaukee","2011","24.1","",
"55","Wisconsin","55089","Ozaukee","2012","22.7","",
"55","Wisconsin","55089","Ozaukee","2013","24.4","",
"55","Wisconsin","55089","Ozaukee","2014","28.9","",
"55","Wisconsin","55089","Ozaukee","2015","25.4","",
"55","Wisconsin","55089","Ozaukee","2016","24.3","",
"55","Wisconsin","55089","Ozaukee","2017","21.8","",
"55","Wisconsin","55089","Ozaukee","2018","26.2","",
"55","Wisconsin","55089","Ozaukee","2019","24.0","",
"55","Wisconsin","55089","Ozaukee","2020","22.5","",
"55","Wisconsin","55089","Ozaukee","2021","21.4","",
"55","Wisconsin","55091","Pepin","2000","25.1","Unstable",
"55","Wisconsin","55091","Pepin","2001","44.2","",
"55","Wisconsin","55091","Pepin","2002","33.7","",
"55","Wisconsin","55091","Pepin","2003","35.5","",
"55","Wisconsin","55091","Pepin","2004","34.8","",
"55","Wisconsin","55091","Pepin","2005","29.8","",
"55","Wisconsin","55091","Pepin","2006","45.3","",
"55","Wisconsin","55091","Pepin","2007","35.9","",
"55","Wisconsin","55091","Pepin","2008","49.1","",
"55","Wisconsin","55091","Pepin","2009","26.9","",
"55","Wisconsin","55091","Pepin","2010","39.7","",
"55","Wisconsin","55091","Pepin","2011","26.7","",
"55","Wisconsin","55091","Pepin","2012","31.2","",
"55","Wisconsin","55091","Pepin","2013","42.6","",
"55","Wisconsin","55091","Pepin","2014","38.0","",
"55","Wisconsin","55091","Pepin","2015","Suppressed","",
"55","Wisconsin","55091","Pepin","2016","37.9","",
"55","Wisconsin","55091","Pepin","2017","37.5","",
"55","Wisconsin","55091","Pepin","2018","39.6","",
"55","Wisconsin","55091","Pepin","2019","35.2","",
"55","Wisconsin","55091","Pepin","2020","37.4","",
"55","Wisconsin","55091","Pepin","2021","39.7","",
"55","Wisconsin","55093","Pierce","2000","58.9","",
"55","Wisconsin","55093","Pierce","2001","40.9","",
"55","Wisconsin","55093","Pierce","2002","32.8","",
"55","Wisconsin","55093","Pierce","2003","34.4","",
"55","Wisconsin","55093","Pierce","2004","39.7","",
"55","Wisconsin","55093","Pierce","2005","40.9","",
"55","Wisconsin","55093","Pierce","2006","36.4","",
"55","Wisconsin","55093","Pierce","2007","35.7","",
"55","Wisconsin","55093","Pierce","2008","35.5","",
"55","Wisconsin","55093","Pierce","2009","33.9","",
"55","Wisconsin","55093","Pierce","2010","27.5","",
"55","Wisconsin","55093","Pierce","2011","30.2","",
"55","Wisconsin","55093","Pierce","2012","35.9","",
"55","Wisconsin","55093","Pierce","2013","28.3","",
"55","Wisconsin","55093","Pierce","2014","29.4","",
"55","Wisconsin","55093","Pierce","2015","34.7","",
"55","Wisconsin","55093","Pierce","2016","25.4","",
"55","Wisconsin","55093","Pierce","2017","27.7","",
"55","Wisconsin","55093","Pierce","2018","39.5","",
"55","Wisconsin","55093","Pierce","2019","35.5","",
"55","Wisconsin","55093","Pierce","2020","36.0","",
"55","Wisconsin","55093","Pierce","2021","27.2","",
"55","Wisconsin","55095","Polk","2000","55.7","",
"55","Wisconsin","55095","Polk","2001","54.9","",
"55","Wisconsin","55095","Polk","2002","63.4","",
"55","Wisconsin","55095","Polk","2003","49.8","",
"55","Wisconsin","55095","Polk","2004","53.8","",
"55","Wisconsin","55095","Polk","2005","46.9","",
"55","Wisconsin","55095","Polk","2006","44.7","",
"55","Wisconsin","55095","Polk","2007","40.2","",
"55","Wisconsin","55095","Polk","2008","47.2","",
"55","Wisconsin","55095","Polk","2009","39.8","",
"55","Wisconsin","55095","Polk","2010","49.3","",
"55","Wisconsin","55095","Polk","2011","39.6","",
"55","Wisconsin","55095","Polk","2012","38.1","",
"55","Wisconsin","55095","Polk","2013","37.6","",
"55","Wisconsin","55095","Polk","2014","35.6","",
"55","Wisconsin","55095","Polk","2015","43.7","",
"55","Wisconsin","55095","Polk","2016","42.0","",
"55","Wisconsin","55095","Polk","2017","43.4","",
"55","Wisconsin","55095","Polk","2018","38.2","",
"55","Wisconsin","55095","Polk","2019","44.1","",
"55","Wisconsin","55095","Polk","2020","34.8","",
"55","Wisconsin","55095","Polk","2021","35.5","",
"55","Wisconsin","55097","Portage","2000","34.2","",
"55","Wisconsin","55097","Portage","2001","42.3","",
"55","Wisconsin","55097","Portage","2002","40.6","",
"55","Wisconsin","55097","Portage","2003","24.8","",
"55","Wisconsin","55097","Portage","2004","33.5","",
"55","Wisconsin","55097","Portage","2005","36.8","",
"55","Wisconsin","55097","Portage","2006","27.7","",
"55","Wisconsin","55097","Portage","2007","34.3","",
"55","Wisconsin","55097","Portage","2008","33.8","",
"55","Wisconsin","55097","Portage","2009","28.6","",
"55","Wisconsin","55097","Portage","2010","32.1","",
"55","Wisconsin","55097","Portage","2011","29.5","",
"55","Wisconsin","55097","Portage","2012","36.6","",
"55","Wisconsin","55097","Portage","2013","35.2","",
"55","Wisconsin","55097","Portage","2014","45.0","",
"55","Wisconsin","55097","Portage","2015","46.6","",
"55","Wisconsin","55097","Portage","2016","42.3","",
"55","Wisconsin","55097","Portage","2017","43.4","",
"55","Wisconsin","55097","Portage","2018","39.7","",
"55","Wisconsin","55097","Portage","2019","33.8","",
"55","Wisconsin","55097","Portage","2020","29.4","",
"55","Wisconsin","55097","Portage","2021","30.3","",
"55","Wisconsin","55099","Price","2000","54.6","",
"55","Wisconsin","55099","Price","2001","59.7","",
"55","Wisconsin","55099","Price","2002","44.8","",
"55","Wisconsin","55099","Price","2003","47.6","",
"55","Wisconsin","55099","Price","2004","51.9","",
"55","Wisconsin","55099","Price","2005","52.0","",
"55","Wisconsin","55099","Price","2006","45.6","",
"55","Wisconsin","55099","Price","2007","38.7","",
"55","Wisconsin","55099","Price","2008","35.6","",
"55","Wisconsin","55099","Price","2009","50.3","",
"55","Wisconsin","55099","Price","2010","55.8","",
"55","Wisconsin","55099","Price","2011","39.2","",
"55","Wisconsin","55099","Price","2012","48.2","",
"55","Wisconsin","55099","Price","2013","41.8","",
"55","Wisconsin","55099","Price","2014","50.6","",
"55","Wisconsin","55099","Price","2015","48.7","",
"55","Wisconsin","55099","Price","2016","46.9","",
"55","Wisconsin","55099","Price","2017","52.6","",
"55","Wisconsin","55099","Price","2018","43.8","",
"55","Wisconsin","55099","Price","2019","64.7","",
"55","Wisconsin","55099","Price","2020","37.5","",
"55","Wisconsin","55099","Price","2021","51.6","",
"55","Wisconsin","55101","Racine","2000","26.9","",
"55","Wisconsin","55101","Racine","2001","25.6","",
"55","Wisconsin","55101","Racine","2002","25.9","",
"55","Wisconsin","55101","Racine","2003","26.0","",
"55","Wisconsin","55101","Racine","2004","30.2","",
"55","Wisconsin","55101","Racine","2005","30.8","",
"55","Wisconsin","55101","Racine","2006","30.1","",
"55","Wisconsin","55101","Racine","2007","28.6","",
"55","Wisconsin","55101","Racine","2008","33.7","",
"55","Wisconsin","55101","Racine","2009","30.2","",
"55","Wisconsin","55101","Racine","2010","30.5","",
"55","Wisconsin","55101","Racine","2011","33.6","",
"55","Wisconsin","55101","Racine","2012","31.5","",
"55","Wisconsin","55101","Racine","2013","30.4","",
"55","Wisconsin","55101","Racine","2014","29.8","",
"55","Wisconsin","55101","Racine","2015","27.4","",
"55","Wisconsin","55101","Racine","2016","30.5","",
"55","Wisconsin","55101","Racine","2017","33.7","",
"55","Wisconsin","55101","Racine","2018","34.6","",
"55","Wisconsin","55101","Racine","2019","34.2","",
"55","Wisconsin","55101","Racine","2020","30.8","",
"55","Wisconsin","55101","Racine","2021","31.3","",
"55","Wisconsin","55103","Richland","2000","54.7","",
"55","Wisconsin","55103","Richland","2001","56.2","",
"55","Wisconsin","55103","Richland","2002","52.9","",
"55","Wisconsin","55103","Richland","2003","43.3","",
"55","Wisconsin","55103","Richland","2004","33.1","",
"55","Wisconsin","55103","Richland","2005","33.8","",
"55","Wisconsin","55103","Richland","2006","37.2","",
"55","Wisconsin","55103","Richland","2007","23.5","",
"55","Wisconsin","55103","Richland","2008","31.1","",
"55","Wisconsin","55103","Richland","2009","34.0","",
"55","Wisconsin","55103","Richland","2010","34.9","",
"55","Wisconsin","55103","Richland","2011","33.8","",
"55","Wisconsin","55103","Richland","2012","36.7","",
"55","Wisconsin","55103","Richland","2013","39.4","",
"55","Wisconsin","55103","Richland","2014","35.7","",
"55","Wisconsin","55103","Richland","2015","27.2","",
"55","Wisconsin","55103","Richland","2016","42.9","",
"55","Wisconsin","55103","Richland","2017","42.9","",
"55","Wisconsin","55103","Richland","2018","38.2","",
"55","Wisconsin","55103","Richland","2019","35.4","",
"55","Wisconsin","55103","Richland","2020","41.1","",
"55","Wisconsin","55103","Richland","2021","28.1","",
"55","Wisconsin","55105","Rock","2000","40.0","",
"55","Wisconsin","55105","Rock","2001","36.3","",
"55","Wisconsin","55105","Rock","2002","35.9","",
"55","Wisconsin","55105","Rock","2003","32.9","",
"55","Wisconsin","55105","Rock","2004","33.3","",
"55","Wisconsin","55105","Rock","2005","31.7","",
"55","Wisconsin","55105","Rock","2006","30.4","",
"55","Wisconsin","55105","Rock","2007","31.1","",
"55","Wisconsin","55105","Rock","2008","38.2","",
"55","Wisconsin","55105","Rock","2009","31.1","",
"55","Wisconsin","55105","Rock","2010","29.9","",
"55","Wisconsin","55105","Rock","2011","35.3","",
"55","Wisconsin","55105","Rock","2012","35.4","",
"55","Wisconsin","55105","Rock","2013","33.5","",
"55","Wisconsin","55105","Rock","2014","37.3","",
"55","Wisconsin","55105","Rock","2015","40.3","",
"55","Wisconsin","55105","Rock","2016","40.6","",
"55","Wisconsin","55105","Rock","2017","39.4","",
"55","Wisconsin","55105","Rock","2018","43.3","",
"55","Wisconsin","55105","Rock","2019","38.0","",
"55","Wisconsin","55105","Rock","2020","35.3","",
"55","Wisconsin","55105","Rock","2021","36.7","",
"55","Wisconsin","55107","Rusk","2000","61.5","",
"55","Wisconsin","55107","Rusk","2001","55.5","",
"55","Wisconsin","55107","Rusk","2002","65.4","",
"55","Wisconsin","55107","Rusk","2003","66.9","",
"55","Wisconsin","55107","Rusk","2004","46.4","",
"55","Wisconsin","55107","Rusk","2005","48.6","",
"55","Wisconsin","55107","Rusk","2006","40.8","",
"55","Wisconsin","55107","Rusk","2007","45.9","",
"55","Wisconsin","55107","Rusk","2008","41.3","",
"55","Wisconsin","55107","Rusk","2009","40.1","",
"55","Wisconsin","55107","Rusk","2010","42.4","",
"55","Wisconsin","55107","Rusk","2011","50.2","",
"55","Wisconsin","55107","Rusk","2012","52.2","",
"55","Wisconsin","55107","Rusk","2013","43.9","",
"55","Wisconsin","55107","Rusk","2014","24.2","",
"55","Wisconsin","55107","Rusk","2015","37.7","",
"55","Wisconsin","55107","Rusk","2016","46.5","",
"55","Wisconsin","55107","Rusk","2017","35.5","",
"55","Wisconsin","55107","Rusk","2018","47.5","",
"55","Wisconsin","55107","Rusk","2019","51.9","",
"55","Wisconsin","55107","Rusk","2020","39.4","",
"55","Wisconsin","55107","Rusk","2021","50.6","",
"55","Wisconsin","55111","Sauk","2000","42.4","",
"55","Wisconsin","55111","Sauk","2001","38.1","",
"55","Wisconsin","55111","Sauk","2002","49.2","",
"55","Wisconsin","55111","Sauk","2003","44.6","",
"55","Wisconsin","55111","Sauk","2004","36.2","",
"55","Wisconsin","55111","Sauk","2005","35.4","",
"55","Wisconsin","55111","Sauk","2006","31.8","",
"55","Wisconsin","55111","Sauk","2007","30.2","",
"55","Wisconsin","55111","Sauk","2008","22.5","",
"55","Wisconsin","55111","Sauk","2009","23.2","",
"55","Wisconsin","55111","Sauk","2010","30.7","",
"55","Wisconsin","55111","Sauk","2011","25.4","",
"55","Wisconsin","55111","Sauk","2012","29.2","",
"55","Wisconsin","55111","Sauk","2013","39.8","",
"55","Wisconsin","55111","Sauk","2014","32.9","",
"55","Wisconsin","55111","Sauk","2015","33.1","",
"55","Wisconsin","55111","Sauk","2016","38.9","",
"55","Wisconsin","55111","Sauk","2017","34.2","",
"55","Wisconsin","55111","Sauk","2018","29.0","",
"55","Wisconsin","55111","Sauk","2019","35.7","",
"55","Wisconsin","55111","Sauk","2020","26.8","",
"55","Wisconsin","55111","Sauk","2021","33.7","",
"55","Wisconsin","55113","Sawyer","2000","64.0","",
"55","Wisconsin","55113","Sawyer","2001","67.7","",
"55","Wisconsin","55113","Sawyer","2002","41.7","",
"55","Wisconsin","55113","Sawyer","2003","62.7","",
"55","Wisconsin","55113","Sawyer","2004","53.3","",
"55","Wisconsin","55113","Sawyer","2005","44.8","",
"55","Wisconsin","55113","Sawyer","2006","45.5","",
"55","Wisconsin","55113","Sawyer","2007","28.3","",
"55","Wisconsin","55113","Sawyer","2008","37.7","",
"55","Wisconsin","55113","Sawyer","2009","32.0","",
"55","Wisconsin","55113","Sawyer","2010","49.2","",
"55","Wisconsin","55113","Sawyer","2011","37.6","",
"55","Wisconsin","55113","Sawyer","2012","41.4","",
"55","Wisconsin","55113","Sawyer","2013","42.4","",
"55","Wisconsin","55113","Sawyer","2014","35.9","",
"55","Wisconsin","55113","Sawyer","2015","36.9","",
"55","Wisconsin","55113","Sawyer","2016","39.7","",
"55","Wisconsin","55113","Sawyer","2017","50.7","",
"55","Wisconsin","55113","Sawyer","2018","58.6","",
"55","Wisconsin","55113","Sawyer","2019","47.7","",
"55","Wisconsin","55113","Sawyer","2020","49.3","",
"55","Wisconsin","55113","Sawyer","2021","48.4","",
"55","Wisconsin","55115","Shawano","2000","48.9","",
"55","Wisconsin","55115","Shawano","2001","50.7","",
"55","Wisconsin","55115","Shawano","2002","47.6","",
"55","Wisconsin","55115","Shawano","2003","40.2","",
"55","Wisconsin","55115","Shawano","2004","41.7","",
"55","Wisconsin","55115","Shawano","2005","36.0","",
"55","Wisconsin","55115","Shawano","2006","37.5","",
"55","Wisconsin","55115","Shawano","2007","34.8","",
"55","Wisconsin","55115","Shawano","2008","32.1","",
"55","Wisconsin","55115","Shawano","2009","28.1","",
"55","Wisconsin","55115","Shawano","2010","37.6","",
"55","Wisconsin","55115","Shawano","2011","29.1","",
"55","Wisconsin","55115","Shawano","2012","36.0","",
"55","Wisconsin","55115","Shawano","2013","43.1","",
"55","Wisconsin","55115","Shawano","2014","41.2","",
"55","Wisconsin","55115","Shawano","2015","50.5","",
"55","Wisconsin","55115","Shawano","2016","39.6","",
"55","Wisconsin","55115","Shawano","2017","32.4","",
"55","Wisconsin","55115","Shawano","2018","37.6","",
"55","Wisconsin","55115","Shawano","2019","41.1","",
"55","Wisconsin","55115","Shawano","2020","30.7","",
"55","Wisconsin","55115","Shawano","2021","31.6","",
"55","Wisconsin","55117","Sheboygan","2000","47.3","",
"55","Wisconsin","55117","Sheboygan","2001","43.5","",
"55","Wisconsin","55117","Sheboygan","2002","42.7","",
"55","Wisconsin","55117","Sheboygan","2003","39.3","",
"55","Wisconsin","55117","Sheboygan","2004","38.8","",
"55","Wisconsin","55117","Sheboygan","2005","35.0","",
"55","Wisconsin","55117","Sheboygan","2006","39.5","",
"55","Wisconsin","55117","Sheboygan","2007","39.5","",
"55","Wisconsin","55117","Sheboygan","2008","34.7","",
"55","Wisconsin","55117","Sheboygan","2009","36.6","",
"55","Wisconsin","55117","Sheboygan","2010","34.3","",
"55","Wisconsin","55117","Sheboygan","2011","32.6","",
"55","Wisconsin","55117","Sheboygan","2012","34.9","",
"55","Wisconsin","55117","Sheboygan","2013","27.7","",
"55","Wisconsin","55117","Sheboygan","2014","27.0","",
"55","Wisconsin","55117","Sheboygan","2015","35.8","",
"55","Wisconsin","55117","Sheboygan","2016","39.7","",
"55","Wisconsin","55117","Sheboygan","2017","39.4","",
"55","Wisconsin","55117","Sheboygan","2018","36.2","",
"55","Wisconsin","55117","Sheboygan","2019","34.3","",
"55","Wisconsin","55117","Sheboygan","2020","28.6","",
"55","Wisconsin","55117","Sheboygan","2021","27.2","",
"55","Wisconsin","55109","St. Croix","2000","36.2","",
"55","Wisconsin","55109","St. Croix","2001","41.5","",
"55","Wisconsin","55109","St. Croix","2002","38.7","",
"55","Wisconsin","55109","St. Croix","2003","41.5","",
"55","Wisconsin","55109","St. Croix","2004","29.8","",
"55","Wisconsin","55109","St. Croix","2005","23.9","",
"55","Wisconsin","55109","St. Croix","2006","30.8","",
"55","Wisconsin","55109","St. Croix","2007","30.4","",
"55","Wisconsin","55109","St. Croix","2008","24.4","",
"55","Wisconsin","55109","St. Croix","2009","25.2","",
"55","Wisconsin","55109","St. Croix","2010","22.7","",
"55","Wisconsin","55109","St. Croix","2011","22.2","",
"55","Wisconsin","55109","St. Croix","2012","22.4","",
"55","Wisconsin","55109","St. Croix","2013","20.7","",
"55","Wisconsin","55109","St. Croix","2014","22.9","",
"55","Wisconsin","55109","St. Croix","2015","29.0","",
"55","Wisconsin","55109","St. Croix","2016","26.2","",
"55","Wisconsin","55109","St. Croix","2017","24.2","",
"55","Wisconsin","55109","St. Croix","2018","24.6","",
"55","Wisconsin","55109","St. Croix","2019","35.3","",
"55","Wisconsin","55109","St. Croix","2020","22.5","",
"55","Wisconsin","55109","St. Croix","2021","26.7","",
"55","Wisconsin","55119","Taylor","2000","58.5","",
"55","Wisconsin","55119","Taylor","2001","66.0","",
"55","Wisconsin","55119","Taylor","2002","45.7","",
"55","Wisconsin","55119","Taylor","2003","50.5","",
"55","Wisconsin","55119","Taylor","2004","40.7","",
"55","Wisconsin","55119","Taylor","2005","22.7","",
"55","Wisconsin","55119","Taylor","2006","24.9","",
"55","Wisconsin","55119","Taylor","2007","22.9","",
"55","Wisconsin","55119","Taylor","2008","29.5","",
"55","Wisconsin","55119","Taylor","2009","32.7","",
"55","Wisconsin","55119","Taylor","2010","32.5","",
"55","Wisconsin","55119","Taylor","2011","23.3","",
"55","Wisconsin","55119","Taylor","2012","26.2","",
"55","Wisconsin","55119","Taylor","2013","26.6","",
"55","Wisconsin","55119","Taylor","2014","22.3","",
"55","Wisconsin","55119","Taylor","2015","24.8","",
"55","Wisconsin","55119","Taylor","2016","29.7","",
"55","Wisconsin","55119","Taylor","2017","19.8","",
"55","Wisconsin","55119","Taylor","2018","25.4","",
"55","Wisconsin","55119","Taylor","2019","33.5","",
"55","Wisconsin","55119","Taylor","2020","30.8","",
"55","Wisconsin","55119","Taylor","2021","42.2","",
"55","Wisconsin","55121","Trempealeau","2000","54.6","",
"55","Wisconsin","55121","Trempealeau","2001","43.6","",
"55","Wisconsin","55121","Trempealeau","2002","47.6","",
"55","Wisconsin","55121","Trempealeau","2003","48.3","",
"55","Wisconsin","55121","Trempealeau","2004","54.1","",
"55","Wisconsin","55121","Trempealeau","2005","53.9","",
"55","Wisconsin","55121","Trempealeau","2006","38.4","",
"55","Wisconsin","55121","Trempealeau","2007","37.6","",
"55","Wisconsin","55121","Trempealeau","2008","33.1","",
"55","Wisconsin","55121","Trempealeau","2009","36.0","",
"55","Wisconsin","55121","Trempealeau","2010","40.0","",
"55","Wisconsin","55121","Trempealeau","2011","30.1","",
"55","Wisconsin","55121","Trempealeau","2012","29.9","",
"55","Wisconsin","55121","Trempealeau","2013","28.1","",
"55","Wisconsin","55121","Trempealeau","2014","35.1","",
"55","Wisconsin","55121","Trempealeau","2015","34.0","",
"55","Wisconsin","55121","Trempealeau","2016","29.3","",
"55","Wisconsin","55121","Trempealeau","2017","41.9","",
"55","Wisconsin","55121","Trempealeau","2018","38.6","",
"55","Wisconsin","55121","Trempealeau","2019","30.7","",
"55","Wisconsin","55121","Trempealeau","2020","23.9","",
"55","Wisconsin","55121","Trempealeau","2021","24.4","",
"55","Wisconsin","55123","Vernon","2000","39.0","",
"55","Wisconsin","55123","Vernon","2001","34.8","",
"55","Wisconsin","55123","Vernon","2002","45.2","",
"55","Wisconsin","55123","Vernon","2003","40.5","",
"55","Wisconsin","55123","Vernon","2004","41.7","",
"55","Wisconsin","55123","Vernon","2005","34.1","",
"55","Wisconsin","55123","Vernon","2006","32.7","",
"55","Wisconsin","55123","Vernon","2007","43.8","",
"55","Wisconsin","55123","Vernon","2008","29.2","",
"55","Wisconsin","55123","Vernon","2009","28.5","",
"55","Wisconsin","55123","Vernon","2010","31.2","",
"55","Wisconsin","55123","Vernon","2011","37.0","",
"55","Wisconsin","55123","Vernon","2012","32.2","",
"55","Wisconsin","55123","Vernon","2013","26.8","",
"55","Wisconsin","55123","Vernon","2014","35.9","",
"55","Wisconsin","55123","Vernon","2015","29.3","",
"55","Wisconsin","55123","Vernon","2016","26.3","",
"55","Wisconsin","55123","Vernon","2017","29.5","",
"55","Wisconsin","55123","Vernon","2018","37.3","",
"55","Wisconsin","55123","Vernon","2019","24.1","",
"55","Wisconsin","55123","Vernon","2020","28.7","",
"55","Wisconsin","55123","Vernon","2021","24.6","",
"55","Wisconsin","55125","Vilas","2000","54.7","",
"55","Wisconsin","55125","Vilas","2001","51.2","",
"55","Wisconsin","55125","Vilas","2002","31.7","",
"55","Wisconsin","55125","Vilas","2003","47.6","",
"55","Wisconsin","55125","Vilas","2004","21.5","",
"55","Wisconsin","55125","Vilas","2005","43.2","",
"55","Wisconsin","55125","Vilas","2006","46.3","",
"55","Wisconsin","55125","Vilas","2007","53.4","",
"55","Wisconsin","55125","Vilas","2008","52.6","",
"55","Wisconsin","55125","Vilas","2009","54.1","",
"55","Wisconsin","55125","Vilas","2010","43.8","",
"55","Wisconsin","55125","Vilas","2011","47.1","",
"55","Wisconsin","55125","Vilas","2012","52.6","",
"55","Wisconsin","55125","Vilas","2013","49.8","",
"55","Wisconsin","55125","Vilas","2014","51.0","",
"55","Wisconsin","55125","Vilas","2015","54.2","",
"55","Wisconsin","55125","Vilas","2016","57.1","",
"55","Wisconsin","55125","Vilas","2017","50.2","",
"55","Wisconsin","55125","Vilas","2018","44.3","",
"55","Wisconsin","55125","Vilas","2019","65.3","",
"55","Wisconsin","55125","Vilas","2020","53.4","",
"55","Wisconsin","55125","Vilas","2021","44.2","",
"55","Wisconsin","55127","Walworth","2000","41.4","",
"55","Wisconsin","55127","Walworth","2001","46.2","",
"55","Wisconsin","55127","Walworth","2002","38.8","",
"55","Wisconsin","55127","Walworth","2003","38.4","",
"55","Wisconsin","55127","Walworth","2004","40.6","",
"55","Wisconsin","55127","Walworth","2005","33.4","",
"55","Wisconsin","55127","Walworth","2006","33.8","",
"55","Wisconsin","55127","Walworth","2007","32.1","",
"55","Wisconsin","55127","Walworth","2008","26.7","",
"55","Wisconsin","55127","Walworth","2009","25.4","",
"55","Wisconsin","55127","Walworth","2010","24.8","",
"55","Wisconsin","55127","Walworth","2011","26.2","",
"55","Wisconsin","55127","Walworth","2012","27.7","",
"55","Wisconsin","55127","Walworth","2013","28.2","",
"55","Wisconsin","55127","Walworth","2014","33.0","",
"55","Wisconsin","55127","Walworth","2015","31.1","",
"55","Wisconsin","55127","Walworth","2016","29.4","",
"55","Wisconsin","55127","Walworth","2017","30.1","",
"55","Wisconsin","55127","Walworth","2018","26.2","",
"55","Wisconsin","55127","Walworth","2019","29.5","",
"55","Wisconsin","55127","Walworth","2020","26.9","",
"55","Wisconsin","55127","Walworth","2021","28.5","",
"55","Wisconsin","55129","Washburn","2000","62.2","",
"55","Wisconsin","55129","Washburn","2001","68.5","",
"55","Wisconsin","55129","Washburn","2002","53.6","",
"55","Wisconsin","55129","Washburn","2003","64.1","",
"55","Wisconsin","55129","Washburn","2004","55.9","",
"55","Wisconsin","55129","Washburn","2005","59.6","",
"55","Wisconsin","55129","Washburn","2006","58.9","",
"55","Wisconsin","55129","Washburn","2007","47.4","",
"55","Wisconsin","55129","Washburn","2008","51.3","",
"55","Wisconsin","55129","Washburn","2009","33.9","",
"55","Wisconsin","55129","Washburn","2010","41.5","",
"55","Wisconsin","55129","Washburn","2011","48.7","",
"55","Wisconsin","55129","Washburn","2012","41.9","",
"55","Wisconsin","55129","Washburn","2013","66.6","",
"55","Wisconsin","55129","Washburn","2014","43.0","",
"55","Wisconsin","55129","Washburn","2015","53.7","",
"55","Wisconsin","55129","Washburn","2016","63.7","",
"55","Wisconsin","55129","Washburn","2017","54.5","",
"55","Wisconsin","55129","Washburn","2018","67.2","",
"55","Wisconsin","55129","Washburn","2019","58.6","",
"55","Wisconsin","55129","Washburn","2020","52.6","",
"55","Wisconsin","55129","Washburn","2021","59.9","",
"55","Wisconsin","55131","Washington","2000","33.8","",
"55","Wisconsin","55131","Washington","2001","26.3","",
"55","Wisconsin","55131","Washington","2002","27.1","",
"55","Wisconsin","55131","Washington","2003","29.5","",
"55","Wisconsin","55131","Washington","2004","28.7","",
"55","Wisconsin","55131","Washington","2005","29.7","",
"55","Wisconsin","55131","Washington","2006","26.3","",
"55","Wisconsin","55131","Washington","2007","31.0","",
"55","Wisconsin","55131","Washington","2008","32.5","",
"55","Wisconsin","55131","Washington","2009","32.2","",
"55","Wisconsin","55131","Washington","2010","26.9","",
"55","Wisconsin","55131","Washington","2011","28.4","",
"55","Wisconsin","55131","Washington","2012","31.0","",
"55","Wisconsin","55131","Washington","2013","25.3","",
"55","Wisconsin","55131","Washington","2014","29.0","",
"55","Wisconsin","55131","Washington","2015","25.9","",
"55","Wisconsin","55131","Washington","2016","26.9","",
"55","Wisconsin","55131","Washington","2017","27.7","",
"55","Wisconsin","55131","Washington","2018","24.1","",
"55","Wisconsin","55131","Washington","2019","26.2","",
"55","Wisconsin","55131","Washington","2020","26.7","",
"55","Wisconsin","55131","Washington","2021","21.6","",
"55","Wisconsin","55133","Waukesha","2000","32.4","",
"55","Wisconsin","55133","Waukesha","2001","32.4","",
"55","Wisconsin","55133","Waukesha","2002","26.6","",
"55","Wisconsin","55133","Waukesha","2003","28.8","",
"55","Wisconsin","55133","Waukesha","2004","24.6","",
"55","Wisconsin","55133","Waukesha","2005","26.1","",
"55","Wisconsin","55133","Waukesha","2006","24.9","",
"55","Wisconsin","55133","Waukesha","2007","24.5","",
"55","Wisconsin","55133","Waukesha","2008","23.5","",
"55","Wisconsin","55133","Waukesha","2009","21.1","",
"55","Wisconsin","55133","Waukesha","2010","23.9","",
"55","Wisconsin","55133","Waukesha","2011","22.4","",
"55","Wisconsin","55133","Waukesha","2012","24.5","",
"55","Wisconsin","55133","Waukesha","2013","25.5","",
"55","Wisconsin","55133","Waukesha","2014","22.2","",
"55","Wisconsin","55133","Waukesha","2015","24.3","",
"55","Wisconsin","55133","Waukesha","2016","24.3","",
"55","Wisconsin","55133","Waukesha","2017","26.5","",
"55","Wisconsin","55133","Waukesha","2018","26.3","",
"55","Wisconsin","55133","Waukesha","2019","27.0","",
"55","Wisconsin","55133","Waukesha","2020","26.6","",
"55","Wisconsin","55133","Waukesha","2021","27.0","",
"55","Wisconsin","55135","Waupaca","2000","36.3","",
"55","Wisconsin","55135","Waupaca","2001","43.6","",
"55","Wisconsin","55135","Waupaca","2002","47.8","",
"55","Wisconsin","55135","Waupaca","2003","42.6","",
"55","Wisconsin","55135","Waupaca","2004","55.7","",
"55","Wisconsin","55135","Waupaca","2005","45.8","",
"55","Wisconsin","55135","Waupaca","2006","43.0","",
"55","Wisconsin","55135","Waupaca","2007","45.0","",
"55","Wisconsin","55135","Waupaca","2008","38.5","",
"55","Wisconsin","55135","Waupaca","2009","34.5","",
"55","Wisconsin","55135","Waupaca","2010","44.3","",
"55","Wisconsin","55135","Waupaca","2011","34.9","",
"55","Wisconsin","55135","Waupaca","2012","35.9","",
"55","Wisconsin","55135","Waupaca","2013","34.5","",
"55","Wisconsin","55135","Waupaca","2014","27.0","",
"55","Wisconsin","55135","Waupaca","2015","39.1","",
"55","Wisconsin","55135","Waupaca","2016","44.8","",
"55","Wisconsin","55135","Waupaca","2017","40.7","",
"55","Wisconsin","55135","Waupaca","2018","38.8","",
"55","Wisconsin","55135","Waupaca","2019","46.2","",
"55","Wisconsin","55135","Waupaca","2020","36.2","",
"55","Wisconsin","55135","Waupaca","2021","35.4","",
"55","Wisconsin","55137","Waushara","2000","39.2","",
"55","Wisconsin","55137","Waushara","2001","44.3","",
"55","Wisconsin","55137","Waushara","2002","37.3","",
"55","Wisconsin","55137","Waushara","2003","44.7","",
"55","Wisconsin","55137","Waushara","2004","40.4","",
"55","Wisconsin","55137","Waushara","2005","40.9","",
"55","Wisconsin","55137","Waushara","2006","35.4","",
"55","Wisconsin","55137","Waushara","2007","25.0","",
"55","Wisconsin","55137","Waushara","2008","32.5","",
"55","Wisconsin","55137","Waushara","2009","32.7","",
"55","Wisconsin","55137","Waushara","2010","27.5","",
"55","Wisconsin","55137","Waushara","2011","31.9","",
"55","Wisconsin","55137","Waushara","2012","33.1","",
"55","Wisconsin","55137","Waushara","2013","38.2","",
"55","Wisconsin","55137","Waushara","2014","37.7","",
"55","Wisconsin","55137","Waushara","2015","42.3","",
"55","Wisconsin","55137","Waushara","2016","39.6","",
"55","Wisconsin","55137","Waushara","2017","35.5","",
"55","Wisconsin","55137","Waushara","2018","44.5","",
"55","Wisconsin","55137","Waushara","2019","34.8","",
"55","Wisconsin","55137","Waushara","2020","38.1","",
"55","Wisconsin","55137","Waushara","2021","42.6","",
"55","Wisconsin","55139","Winnebago","2000","30.4","",
"55","Wisconsin","55139","Winnebago","2001","28.9","",
"55","Wisconsin","55139","Winnebago","2002","30.5","",
"55","Wisconsin","55139","Winnebago","2003","30.3","",
"55","Wisconsin","55139","Winnebago","2004","30.6","",
"55","Wisconsin","55139","Winnebago","2005","32.3","",
"55","Wisconsin","55139","Winnebago","2006","31.5","",
"55","Wisconsin","55139","Winnebago","2007","32.8","",
"55","Wisconsin","55139","Winnebago","2008","32.1","",
"55","Wisconsin","55139","Winnebago","2009","24.0","",
"55","Wisconsin","55139","Winnebago","2010","25.0","",
"55","Wisconsin","55139","Winnebago","2011","25.5","",
"55","Wisconsin","55139","Winnebago","2012","25.5","",
"55","Wisconsin","55139","Winnebago","2013","24.0","",
"55","Wisconsin","55139","Winnebago","2014","23.6","",
"55","Wisconsin","55139","Winnebago","2015","25.5","",
"55","Wisconsin","55139","Winnebago","2016","26.4","",
"55","Wisconsin","55139","Winnebago","2017","26.6","",
"55","Wisconsin","55139","Winnebago","2018","27.2","",
"55","Wisconsin","55139","Winnebago","2019","35.8","",
"55","Wisconsin","55139","Winnebago","2020","25.1","",
"55","Wisconsin","55139","Winnebago","2021","27.3","",
"55","Wisconsin","55141","Wood","2000","48.4","",
"55","Wisconsin","55141","Wood","2001","45.1","",
"55","Wisconsin","55141","Wood","2002","52.5","",
"55","Wisconsin","55141","Wood","2003","45.1","",
"55","Wisconsin","55141","Wood","2004","53.7","",
"55","Wisconsin","55141","Wood","2005","57.6","",
"55","Wisconsin","55141","Wood","2006","51.8","",
"55","Wisconsin","55141","Wood","2007","50.5","",
"55","Wisconsin","55141","Wood","2008","55.1","",
"55","Wisconsin","55141","Wood","2009","47.5","",
"55","Wisconsin","55141","Wood","2010","47.6","",
"55","Wisconsin","55141","Wood","2011","47.7","",
"55","Wisconsin","55141","Wood","2012","39.2","",
"55","Wisconsin","55141","Wood","2013","41.3","",
"55","Wisconsin","55141","Wood","2014","50.4","",
"55","Wisconsin","55141","Wood","2015","51.9","",
"55","Wisconsin","55141","Wood","2016","54.2","",
"55","Wisconsin","55141","Wood","2017","54.4","",
"55","Wisconsin","55141","Wood","2018","54.0","",
"55","Wisconsin","55141","Wood","2019","52.1","",
"55","Wisconsin","55141","Wood","2020","42.1","",
"55","Wisconsin","55141","Wood","2021","43.2","",
